SchemaName,ProcedureName,ParameterName,ParameterType,ParameterSize,IsOutput,IsRequired,DefaultValue
dbo,sp_api_action_as_stored_procedure,@actions_id,int,4,No,Yes,None
dbo,sp_api_action_as_stored_procedure,@test,bit,1,No,No,0
dbo,sp_api_action_as_stored_procedure,@error,nvarchar,MAX,Yes,No,None
dbo,sp_api_action_as_stored_procedure,@tablename,nvarchar,128,No,No,None
dbo,sp_api_action_to_slaves,@action_id,int,4,No,Yes,None
dbo,sp_api_actions_execute_main,@api_actions_id,int,4,No,Yes,None
dbo,sp_api_actions_execute_main,@card_name,nvarchar,128,No,No,None
dbo,sp_api_add_column,@table_name,nvarchar,128,No,Yes,None
dbo,sp_api_add_column,@card_id,int,4,No,Yes,None
dbo,sp_api_add_column_to_view,@card_id,int,4,No,Yes,None
dbo,sp_api_add_column_to_view,@new_column,nvarchar,128,No,Yes,None
dbo,sp_api_add_foreign_keys,@card_id,int,4,No,Yes,None
dbo,sp_api_add_sql_task,@sql,nvarchar,MAX,No,Yes,None
dbo,sp_api_add_sql_task,@start_at,datetime2,8,No,No,None
dbo,sp_api_add_sql_task,@seconds,int,4,No,No,None
dbo,sp_api_add_sql_task,@description,nvarchar,256,No,No,None
dbo,sp_api_add_sql_task,@repeat_task_in_seconds,int,4,No,No,None
dbo,sp_api_add_sql_task,@async,bit,1,No,No,None
dbo,sp_api_add_sql_task,@timeout_ms,int,4,No,No,None
dbo,sp_api_add_sql_task,@priority,int,4,No,No,None
dbo,sp_api_add_sql_task,@doNotRunSameTaskWithinSeconds,int,4,No,No,None
dbo,sp_api_add_sql_task,@on_error_sql,nvarchar,MAX,No,No,None
dbo,sp_api_add_sql_task,@delayDuplicateTask,bit,1,No,No,0
dbo,sp_api_add_sql_task,@task_id,int,4,Yes,No,None
dbo,sp_api_add_sql_task,@delete_after_success,bit,1,No,No,0
dbo,sp_api_add_sql_test_then_create,@sql,nvarchar,MAX,No,Yes,None
dbo,sp_api_add_sql_test_then_create,@table_name,nvarchar,128,No,Yes,None
dbo,sp_api_add_sql_test_then_create,@dropsql,nvarchar,MAX,No,Yes,None
dbo,sp_api_add_sql_test_then_create,@card_id,int,4,No,Yes,None
dbo,sp_api_add_sql_test_then_create,@column_name_to_view,nvarchar,128,No,No,None
dbo,sp_api_add_table_from_text,@text,nvarchar,MAX,No,Yes,None
dbo,sp_api_add_table_from_text,@prefix,nvarchar,32,No,No,
dbo,sp_api_add_table_from_text,@main,bit,1,No,No,1
dbo,sp_api_add_table_from_text,@database,nvarchar,128,No,No,None
dbo,sp_api_add_unique_index,@card_id,int,4,No,Yes,None
dbo,sp_api_backup,@database,nvarchar,128,No,No,None
dbo,sp_api_backup,@differential,bit,1,No,No,0
dbo,sp_api_backup,@now,bit,1,No,No,0
dbo,sp_api_backup,@username,nvarchar,128,No,No,None
dbo,sp_api_backup,@password,nvarchar,128,No,No,None
dbo,sp_api_backup,@drive,nvarchar,256,No,No,T
dbo,sp_api_backup,@backup_name,nvarchar,4000,Yes,No,None
dbo,sp_api_backup_all_and_clean_start,@headless,bit,1,No,No,0
dbo,sp_api_broker_request,@type,nvarchar,128,No,Yes,None
dbo,sp_api_broker_request,@json,nvarchar,MAX,No,Yes,None
dbo,sp_api_broker_request,@wait,int,4,No,No,3000
dbo,sp_api_broker_request,@dataout,nvarchar,MAX,Yes,No,None
dbo,sp_api_broker_request_linked_server,@id,int,4,No,Yes,None
dbo,sp_api_broker_request_linked_server,@wait,int,4,No,No,3000
dbo,sp_api_broker_request_linked_server,@idout,int,4,Yes,Yes,None
dbo,sp_api_broker_setup,@server,nvarchar,128,No,No,None
dbo,sp_api_broker_setup,@user,nvarchar,128,No,No,None
dbo,sp_api_broker_setup,@pass,nvarchar,128,No,No,None
dbo,sp_api_bulk_replace_actions,@search,nvarchar,MAX,No,Yes,
dbo,sp_api_bulk_replace_actions,@replace,nvarchar,MAX,No,Yes,
dbo,sp_api_bulk_replace_templates,@search,nvarchar,MAX,No,No,N'troost'
dbo,sp_api_bulk_replace_templates,@replace,nvarchar,MAX,No,No,N'Demo'
dbo,sp_api_bulk_translate,@from_lang,nvarchar,128,No,Yes,None
dbo,sp_api_bulk_translate,@to_lang,nvarchar,128,No,Yes,None
dbo,sp_api_bulk_translate,@json,nvarchar,MAX,Yes,Yes,None
dbo,sp_api_carbone,@json,nvarchar,MAX,No,Yes,None
dbo,sp_api_carbone,@template_file,nvarchar,4000,No,No,N'invoice.docx'
dbo,sp_api_card_action_as_stored_procedure,@card_actions_id,int,4,No,Yes,None
dbo,sp_api_card_action_as_stored_procedure,@test,bit,1,No,No,0
dbo,sp_api_card_action_as_stored_procedure,@error,nvarchar,MAX,Yes,No,None
dbo,sp_api_card_actions,@card_id,int,4,No,Yes,None
dbo,sp_api_card_actions,@tablename,nvarchar,128,No,Yes,None
dbo,sp_api_card_actions,@basetable,nvarchar,128,No,Yes,None
dbo,sp_api_card_actions,@edit,nvarchar,128,No,Yes,None
dbo,sp_api_card_actions,@id,nvarchar,32,No,Yes,None
dbo,sp_api_card_actions,@is_new,bit,1,No,Yes,None
dbo,sp_api_card_actions,@is_valid,bit,1,No,Yes,None
dbo,sp_api_card_actions,@parent_id,int,4,No,Yes,None
dbo,sp_api_card_actions,@listview,bit,1,No,Yes,None
dbo,sp_api_card_actions,@path,nvarchar,4000,No,Yes,None
dbo,sp_api_card_actions,@is_picklist,bit,1,No,Yes,None
dbo,sp_api_card_actions,@crud_create,nvarchar,MAX,No,Yes,None
dbo,sp_api_card_actions_execute,@card_id,int,4,No,Yes,None
dbo,sp_api_card_actions_execute,@id,int,4,No,Yes,None
dbo,sp_api_card_actions_execute,@tablename,nvarchar,128,No,Yes,None
dbo,sp_api_card_actions_execute,@basetable,nvarchar,128,No,Yes,None
dbo,sp_api_card_actions_execute,@identity_column,nvarchar,1024,No,Yes,None
dbo,sp_api_card_actions_execute,@parent_card_id,int,4,No,Yes,None
dbo,sp_api_card_actions_execute,@parent_id,int,4,No,Yes,None
dbo,sp_api_card_actions_execute,@path,nvarchar,4000,No,Yes,None
dbo,sp_api_card_actions_execute,@is_new,int,4,No,Yes,None
dbo,sp_api_card_actions_execute,@action_name,nvarchar,128,No,No,None
dbo,sp_api_card_actions_execute,@is_picklist,int,4,No,No,0
dbo,sp_api_card_actions_execute,@fieldname,nvarchar,128,No,No,None
dbo,sp_api_card_actions_execute,@picklist_type,smallint,2,No,No,0
dbo,sp_api_card_actions_execute,@prevpath,nvarchar,4000,No,No,None
dbo,sp_api_card_actions_execute,@reducer,nvarchar,MAX,No,No,
dbo,sp_api_card_actions_execute,@parent_reducer,nvarchar,MAX,No,No,
dbo,sp_api_card_actions_execute,@card_name,nvarchar,128,No,No,None
dbo,sp_api_card_actions_execute,@show_nothing_to_do_here_toast,bit,1,No,No,1
dbo,sp_api_card_actions_execute_main,@api_card_actions_id,int,4,No,Yes,None
dbo,sp_api_card_actions_execute_parse,@card_id,int,4,No,Yes,None
dbo,sp_api_card_actions_execute_parse,@action_name,nvarchar,128,No,Yes,None
dbo,sp_api_card_actions_execute_pre_declare,@pre_declare,nvarchar,MAX,No,Yes,None
dbo,sp_api_card_actions_execute_pre_declare,@all_action_params,nvarchar,MAX,No,Yes,None
dbo,sp_api_card_actions_execute_pre_declare,@sql,nvarchar,MAX,Yes,Yes,None
dbo,sp_api_card_actions_execute_prepare_sql,@sql,nvarchar,MAX,Yes,Yes,None
dbo,sp_api_card_actions_test,@card_id,int,4,No,No,2318
dbo,sp_api_card_actions_test,@tablename,nvarchar,128,No,No,Q_xTransactionHeader
dbo,sp_api_card_actions_test,@basetable,nvarchar,128,No,No,xTransactionHeader
dbo,sp_api_card_actions_test,@edit,nvarchar,128,No,No,None
dbo,sp_api_card_actions_test,@id,nvarchar,32,No,No,34
dbo,sp_api_card_actions_test,@is_new,bit,1,No,No,0
dbo,sp_api_card_actions_test,@is_valid,bit,1,No,No,1
dbo,sp_api_card_actions_test,@parent_id,int,4,No,No,0
dbo,sp_api_card_actions_test,@listview,bit,1,No,No,1
dbo,sp_api_card_actions_test,@path,nvarchar,4000,No,No,N'/verkoop'
dbo,sp_api_card_actions_test,@is_picklist,bit,1,No,No,0
dbo,sp_api_card_actions_test,@crud_create,nvarchar,MAX,No,No,None
dbo,sp_api_card_actions_v1,@card_id,int,4,No,Yes,None
dbo,sp_api_card_actions_v1,@id,nvarchar,32,No,Yes,None
dbo,sp_api_card_actions_v1,@is_new,bit,1,No,Yes,None
dbo,sp_api_card_actions_v1,@is_valid,bit,1,No,Yes,None
dbo,sp_api_card_actions_v1,@listview,bit,1,No,Yes,None
dbo,sp_api_card_actions_v1,@is_picklist,bit,1,No,Yes,None
dbo,sp_api_card_actions_v2,@card_id,int,4,No,Yes,None
dbo,sp_api_card_actions_v2,@id,int,4,No,Yes,None
dbo,sp_api_card_actions_v2,@is_new,bit,1,No,Yes,None
dbo,sp_api_card_actions_v2,@is_valid,bit,1,No,Yes,None
dbo,sp_api_card_actions_v2,@listview,bit,1,No,Yes,None
dbo,sp_api_card_actions_v2,@is_picklist,bit,1,No,Yes,None
dbo,sp_api_card_actions_v3,@card_id,int,4,No,Yes,None
dbo,sp_api_card_actions_v3,@id,int,4,No,Yes,None
dbo,sp_api_card_actions_v3,@is_new,bit,1,No,Yes,None
dbo,sp_api_card_actions_v3,@is_valid,bit,1,No,Yes,None
dbo,sp_api_card_actions_v3,@listview,bit,1,No,Yes,None
dbo,sp_api_card_actions_v3,@is_picklist,bit,1,No,Yes,None
dbo,sp_api_card_clear_dm_cache,@card_id,int,4,No,No,None
dbo,sp_api_card_clear_dm_cache,@card_name,nvarchar,128,No,No,None
dbo,sp_api_card_copy_actions,@src_card_id,int,4,No,Yes,None
dbo,sp_api_card_copy_actions,@dst_card_id,int,4,No,Yes,None
dbo,sp_api_card_copy_actions,@force,bit,1,No,No,0
dbo,sp_api_card_copy_actions,@action,nvarchar,128,No,No,None
dbo,sp_api_card_copy_actions,@action_name,nvarchar,128,No,No,None
dbo,sp_api_card_copy_actions,@rename_and_parse,bit,1,No,No,0
dbo,sp_api_card_copy_children,@src_card_id,int,4,No,Yes,None
dbo,sp_api_card_copy_children,@dst_card_id,int,4,No,Yes,None
dbo,sp_api_card_copy_children,@force,bit,1,No,No,0
dbo,sp_api_card_copy_fields,@src_card_id,int,4,No,Yes,None
dbo,sp_api_card_copy_fields,@dst_card_id,int,4,No,Yes,None
dbo,sp_api_card_copy_fields,@force,bit,1,No,No,0
dbo,sp_api_card_create,@table_name,nvarchar,128,No,Yes,None
dbo,sp_api_card_create,@card_name,nvarchar,128,No,No,None
dbo,sp_api_card_create,@card_id,int,4,Yes,No,None
dbo,sp_api_card_create_as_tvf,@card_id,int,4,No,Yes,None
dbo,sp_api_card_create_as_tvf,@makelist,bit,1,No,No,0
dbo,sp_api_card_create_as_tvf,@drop,bit,1,No,No,0
dbo,sp_api_card_create_as_view,@card_id,int,4,No,Yes,None
dbo,sp_api_card_create_cache,@card_id,int,4,No,Yes,None
dbo,sp_api_card_create_cache,@toast,bit,1,No,No,1
dbo,sp_api_card_create_seek,@card_id,int,4,No,Yes,None
dbo,sp_api_card_curly_replace,@card_id,int,4,No,Yes,None
dbo,sp_api_card_curly_replace,@string,nvarchar,MAX,Yes,Yes,None
dbo,sp_api_card_curly_replace,@prefix,nvarchar,MAX,No,No,N''
dbo,sp_api_card_curly_replace,@prefix2,nvarchar,MAX,No,No,N''
dbo,sp_api_card_curly_replace,@replace_self_with_this,bit,1,No,No,0
dbo,sp_api_card_curly_replace,@no_warning,bit,1,No,No,0
dbo,sp_api_card_curly_replace,@is_action,bit,1,No,No,0
dbo,sp_api_card_curly_replace,@is_picklist,bit,1,No,No,0
dbo,sp_api_card_curly_replace_params,@string,nvarchar,MAX,Yes,Yes,None
dbo,sp_api_card_curly_template,@card_id,int,4,No,Yes,None
dbo,sp_api_card_curly_template,@string,nvarchar,MAX,Yes,Yes,None
dbo,sp_api_card_curly_template,@no_preview,bit,1,No,No,0
dbo,sp_api_card_custom,@trigger_id,int,4,No,Yes,None
dbo,sp_api_card_definition,@card_id,int,4,No,Yes,None
dbo,sp_api_card_definition,@sql,nvarchar,MAX,No,No,N'SELECT * FROM xCompany'
dbo,sp_api_card_definition,@tablename,nvarchar,128,No,No,N'xCompany'
dbo,sp_api_card_definition,@identity_column,nvarchar,128,No,No,id
dbo,sp_api_card_definition,@id,int,4,No,Yes,None
dbo,sp_api_card_definition,@ref_column,nvarchar,128,No,No,None
dbo,sp_api_card_definition,@parent_id,int,4,No,No,0
dbo,sp_api_card_definition,@declare_cache,nvarchar,MAX,No,Yes,None
dbo,sp_api_card_definition,@select_cache,nvarchar,MAX,No,Yes,None
dbo,sp_api_card_definition,@edit,nvarchar,128,No,No,None
dbo,sp_api_card_definition,@is_new,int,4,No,No,0
dbo,sp_api_card_definition,@create_cache,bit,1,No,No,0
dbo,sp_api_card_definition,@method,nvarchar,128,No,No,None
dbo,sp_api_card_definition,@toast,bit,1,No,No,1
dbo,sp_api_card_definition_test,@card_id,int,4,No,No,373
dbo,sp_api_card_detail,@card_id,int,4,No,Yes,None
dbo,sp_api_card_detail,@id,int,4,No,Yes,None
dbo,sp_api_card_detail,@tablename,nvarchar,128,No,Yes,None
dbo,sp_api_card_detail,@basetable,nvarchar,128,No,Yes,None
dbo,sp_api_card_detail,@identity_column,nvarchar,1024,No,Yes,None
dbo,sp_api_card_detail,@reducer,nvarchar,MAX,No,Yes,None
dbo,sp_api_card_detail,@declare_cache,nvarchar,MAX,No,Yes,None
dbo,sp_api_card_detail,@select_cache,nvarchar,MAX,No,Yes,None
dbo,sp_api_card_detail,@ref_column,nvarchar,128,No,No,None
dbo,sp_api_card_detail,@parent_id,int,4,No,No,None
dbo,sp_api_card_detail,@last,bit,1,No,No,0
dbo,sp_api_card_detail,@edit,nvarchar,128,No,No,None
dbo,sp_api_card_detail,@method,nvarchar,128,No,Yes,None
dbo,sp_api_card_detail,@path,nvarchar,4000,No,Yes,None
dbo,sp_api_card_detail,@inside_transaction,bit,1,No,No,0
dbo,sp_api_card_detail,@is_new,int,4,No,No,0
dbo,sp_api_card_detail,@crud_update,nvarchar,MAX,No,Yes,None
dbo,sp_api_card_detail,@is_picklist,bit,1,No,No,0
dbo,sp_api_card_detail_edit,@card_id,int,4,No,Yes,None
dbo,sp_api_card_detail_edit,@edit,nvarchar,128,No,Yes,None
dbo,sp_api_card_detail_edit,@method,nvarchar,128,No,Yes,None
dbo,sp_api_card_detail_edit,@path,nvarchar,4000,No,No,None
dbo,sp_api_card_detail_edit,@record_id,int,4,No,No,None
dbo,sp_api_card_detail_file,@id,int,4,No,Yes,None
dbo,sp_api_card_detail_file,@ip_address,nvarchar,128,No,Yes,None
dbo,sp_api_card_detail_file,@hash,nchar,64,No,Yes,None
dbo,sp_api_card_detail_files,@context,nvarchar,128,No,Yes,None
dbo,sp_api_card_detail_files,@context_id,int,4,No,Yes,None
dbo,sp_api_card_detail_files,@allow_file_types,nvarchar,256,No,Yes,None
dbo,sp_api_card_detail_files,@filesize_limit,int,4,No,No,None
dbo,sp_api_card_detail_find_record,@card_id,int,4,No,Yes,None
dbo,sp_api_card_detail_find_record,@id,int,4,No,Yes,None
dbo,sp_api_card_detail_picklist,@card_id,int,4,No,Yes,None
dbo,sp_api_card_detail_picklist,@tablename,nvarchar,128,No,Yes,None
dbo,sp_api_card_detail_picklist,@identity_column,nvarchar,128,No,Yes,None
dbo,sp_api_card_detail_picklist,@id,int,4,No,Yes,None
dbo,sp_api_card_detail_picklist,@picklist_column,nvarchar,128,No,Yes,None
dbo,sp_api_card_detail_picklist,@picklist_id,int,4,No,No,None
dbo,sp_api_card_detail_picklist,@isam,nvarchar,128,No,No,None
dbo,sp_api_card_field_fill_with,@field_id,int,4,No,No,2592
dbo,sp_api_card_field_is_updateable,@field_id,int,4,No,Yes,None
dbo,sp_api_card_field_is_updateable,@id,int,4,No,Yes,None
dbo,sp_api_card_import_csv,@cardname,nvarchar,128,No,No,N'adres'
dbo,sp_api_card_import_csv,@seperator,nvarchar,1,No,No,None
dbo,sp_api_card_import_csv_KIJK_VERDER,@cardname,nvarchar,128,No,No,N'adres'
dbo,sp_api_card_insert,@card_id,nvarchar,32,No,Yes,None
dbo,sp_api_card_insert,@tablename,nvarchar,128,No,Yes,None
dbo,sp_api_card_insert,@basetable,nvarchar,128,No,Yes,None
dbo,sp_api_card_insert,@identity_column,nvarchar,128,No,Yes,None
dbo,sp_api_card_insert,@ref_column,nvarchar,128,No,No,None
dbo,sp_api_card_insert,@parent_id,nvarchar,MAX,No,No,0
dbo,sp_api_card_insert,@parent_parent,bit,1,No,No,0
dbo,sp_api_card_is_valid,@card_id,int,4,No,Yes,None
dbo,sp_api_card_is_valid,@id,int,4,No,Yes,None
dbo,sp_api_card_list,@start_id,int,4,No,No,0
dbo,sp_api_card_list,@parent_card_id,int,4,No,No,0
dbo,sp_api_card_list,@parent_id,int,4,No,No,0
dbo,sp_api_card_list,@parent_declare_cache,nvarchar,MAX,No,No,None
dbo,sp_api_card_list,@parent_select_cache,nvarchar,MAX,No,No,None
dbo,sp_api_card_list,@edit,nvarchar,128,No,No,None
dbo,sp_api_card_list,@method,nvarchar,128,No,Yes,None
dbo,sp_api_card_list,@path,nvarchar,4000,No,Yes,None
dbo,sp_api_card_list_edit,@card_id,nvarchar,32,No,Yes,None
dbo,sp_api_card_list_edit,@card_name,nvarchar,128,No,Yes,None
dbo,sp_api_card_list_edit,@edit,nvarchar,128,No,Yes,None
dbo,sp_api_card_no_predeclare,@card_id,int,4,No,Yes,None
dbo,sp_api_card_on_field_update_storage,@id,int,4,No,Yes,None
dbo,sp_api_card_on_field_update_storage,@card_id,int,4,No,Yes,None
dbo,sp_api_card_on_field_update_storage,@is_new,int,4,No,No,0
dbo,sp_api_card_re_order,@card_id,int,4,No,Yes,None
dbo,sp_api_card_re_order,@toast,bit,1,No,No,0
dbo,sp_api_card_referer,@pop_pathname,nvarchar,4000,Yes,No,None
dbo,sp_api_card_referer,@pop_search,nvarchar,4000,Yes,No,None
dbo,sp_api_card_referer,@update,bit,1,No,No,0
dbo,sp_api_card_referer_update,@card_name,nvarchar,128,No,Yes,None
dbo,sp_api_card_referer_update,@search,nvarchar,4000,No,Yes,None
dbo,sp_api_card_template_get,@template_name,nvarchar,128,No,Yes,None
dbo,sp_api_card_template_get,@template_lng,nchar,2,No,Yes,None
dbo,sp_api_card_template_get,@id,int,4,No,Yes,None
dbo,sp_api_card_template_get,@title,nvarchar,MAX,Yes,No,None
dbo,sp_api_card_template_get,@template,nvarchar,MAX,Yes,No,None
dbo,sp_api_card_template_get,@filename,nvarchar,MAX,Yes,No,None
dbo,sp_api_card_template_updater,@id,int,4,No,Yes,None
dbo,sp_api_card_update_from_body,@tablename,nvarchar,128,No,Yes,None
dbo,sp_api_card_update_from_body,@id,int,4,No,Yes,None
dbo,sp_api_card_update_from_body,@identity_column,nvarchar,1024,No,Yes,None
dbo,sp_api_card_update_from_body,@card_id,int,4,No,No,None
dbo,sp_api_card_update_from_storage,@tablename,nvarchar,128,No,Yes,None
dbo,sp_api_card_update_from_storage,@id,int,4,No,Yes,None
dbo,sp_api_card_update_from_storage,@identity_column,nvarchar,1024,No,Yes,None
dbo,sp_api_card_update_from_storage,@card_id,int,4,No,No,None
dbo,sp_api_card_update_from_storage,@parent_parent,bit,1,No,No,0
dbo,sp_api_card_update_from_storage,@method,nvarchar,128,No,No,GET
dbo,sp_api_compare,@src,nvarchar,128,No,No,N'tracy_fka_proj_new'
dbo,sp_api_compare,@dst,nvarchar,128,No,No,N'tracy_fk_proj_new'
dbo,sp_api_compare,@table_name,nvarchar,128,No,Yes,None
dbo,sp_api_compare,@card_name,nvarchar,128,No,No,None
dbo,sp_api_confirm,@question,nvarchar,1024,No,Yes,None
dbo,sp_api_copy_core_data,@db_src,nvarchar,128,No,No,N'tracy_fk_test_proj'
dbo,sp_api_copy_core_data,@db_dst,nvarchar,128,No,No,N'tracy_fk_proj'
dbo,sp_api_copy_core_data,@table,nvarchar,128,No,No,N'api_card'
dbo,sp_api_copy_core_data,@id_column,nvarchar,128,No,No,N'id'
dbo,sp_api_copy_core_data,@code_column,nvarchar,128,No,No,N'name'
dbo,sp_api_copy_core_data,@reducer,nvarchar,MAX,No,No,name like ''v%''
dbo,sp_api_copy_core_data,@set,nvarchar,MAX,No,No,None
dbo,sp_api_create_card,@TableName,nvarchar,128,No,Yes,
dbo,sp_api_create_card,@CardName,nvarchar,128,No,No,None
dbo,sp_api_create_card_action,@card_id,int,4,No,Yes,None
dbo,sp_api_create_card_action,@name,nvarchar,128,No,Yes,None
dbo,sp_api_create_card_action,@sql,nvarchar,MAX,No,No,None
dbo,sp_api_create_card_action,@keycode,nvarchar,50,No,No,None
dbo,sp_api_create_card_action,@visability_type,nvarchar,50,No,No,list
dbo,sp_api_create_json_data_with_fields_from_select_sql,@select_sql,nvarchar,MAX,No,Yes,None
dbo,sp_api_create_json_data_with_fields_from_select_sql,@json,nvarchar,MAX,Yes,No,None
dbo,sp_api_create_setting,@key,nvarchar,128,No,Yes,None
dbo,sp_api_create_setting,@value,nvarchar,MAX,No,Yes,None
dbo,sp_api_create_setting,@enabled,bit,1,No,No,0
dbo,sp_api_create_setting,@for_client,bit,1,No,No,0
dbo,sp_api_create_synonym,@object_name,nvarchar,128,No,Yes,None
dbo,sp_api_create_table_card,@TableName,nvarchar,128,No,Yes,
dbo,sp_api_create_table_card,@CardName,nvarchar,128,No,No,"NULL,"
dbo,sp_api_create_table_card,@IdColumn,nvarchar,128,No,No,"'ID',"
dbo,sp_api_create_table_card,@TableJson,nvarchar,MAX,No,Yes,
dbo,sp_api_create_table_card,@OnlyStructure,bit,1,No,No,"0,"
dbo,sp_api_create_table_card,@IsSystemTable,bit,1,No,No,"0,"
dbo,sp_api_create_table_card,@UseIdentity,bit,1,No,No,None
dbo,sp_api_create_table_from_json_data_with_fields,@json,nvarchar,MAX,No,Yes,None
dbo,sp_api_create_table_from_json_data_with_fields,@tmptable,nvarchar,128,No,Yes,None
dbo,sp_api_csv_to_json,@csv,nvarchar,MAX,No,Yes,None
dbo,sp_api_csv_to_json,@options,nvarchar,MAX,No,No,None
dbo,sp_api_csv_to_json,@json,nvarchar,MAX,Yes,No,None
dbo,sp_api_csv_to_table,@text,nvarchar,MAX,No,Yes,None
dbo,sp_api_csv_to_table,@seperator,nvarchar,10,No,No,[\t]
dbo,sp_api_csv_to_table,@tablename,nvarchar,128,No,No,N'#tabs'
dbo,sp_api_daily_project_cleanup,@clean_action_stats,bit,1,No,No,0
dbo,sp_api_data_set_generic_receiver,@body,nvarchar,MAX,No,Yes,None
dbo,sp_api_dataset_changes,@data_set_id,int,4,No,Yes,None
dbo,sp_api_dataset_changes,@record_id,int,4,No,No,None
dbo,sp_api_dataset_changes,@keep_modified_time,bit,1,No,No,0
dbo,sp_api_dataset_chart,@type,nvarchar,MAX,No,No,bar
dbo,sp_api_dataset_chart,@data,nvarchar,MAX,No,Yes,None
dbo,sp_api_dataset_chart,@options,nvarchar,MAX,No,No,N'{
dbo,sp_api_dataset_core,@data_set_name,nvarchar,128,No,Yes,None
dbo,sp_api_dataset_get,@data_set_name,nvarchar,128,No,Yes,None
dbo,sp_api_dataset_portal_validate_token,@tsqlportal_token,nvarchar,4000,No,Yes,None
dbo,sp_api_dataset_portal_validate_token,@user_name,nvarchar,256,Yes,No,None
dbo,sp_api_dataset_replace_params,@sql,nvarchar,MAX,Yes,Yes,None
dbo,sp_api_dataset_to_power_query,@dataset_id,int,4,No,Yes,None
dbo,sp_api_dataset_to_power_query,@code,nvarchar,MAX,Yes,No,None
dbo,sp_api_dataset_tsqlsystem,@ip,nvarchar,128,No,Yes,None
dbo,sp_api_dataset_tsqlsystem,@data_set_name,nvarchar,128,No,Yes,None
dbo,sp_api_dataset_tsqlsystem_structure_json,@json,nvarchar,MAX,Yes,Yes,None
dbo,sp_api_dataset_whatsapp,@data_set_name,nvarchar,128,No,Yes,None
dbo,sp_api_dataset_whatsapp_process_webhook,@id,int,4,No,Yes,None
dbo,sp_api_email,@to,nvarchar,MAX,No,Yes,None
dbo,sp_api_email,@subject,nvarchar,4000,No,Yes,None
dbo,sp_api_email,@body,nvarchar,MAX,No,No,None
dbo,sp_api_email,@body_format,nvarchar,20,No,No,None
dbo,sp_api_email,@query,nvarchar,MAX,No,No,None
dbo,sp_api_email,@from,nvarchar,4000,No,No,noreply@tracy.nu
dbo,sp_api_email,@html,nvarchar,MAX,No,No,None
dbo,sp_api_email,@cc,nvarchar,MAX,No,No,None
dbo,sp_api_email,@bcc,nvarchar,MAX,No,No,None
dbo,sp_api_email,@attachments,nvarchar,MAX,No,No,None
dbo,sp_api_email,@ignore_test_environment,bit,1,No,No,0
dbo,sp_api_email,@api_files_ids,varchar,MAX,No,No,None
dbo,sp_api_email,@api_files_context,nvarchar,128,No,No,None
dbo,sp_api_email,@api_files_context_id,int,4,No,No,None
dbo,sp_api_email,@api_files_category_ids,varchar,MAX,No,No,None
dbo,sp_api_email,@log_email_sent,bit,1,No,No,1
dbo,sp_api_email,@resize_images,nvarchar,MAX,No,No,None
dbo,sp_api_error_handler_set_first,@sql,nvarchar,MAX,No,No,None
dbo,sp_api_error_handler_sql,@sql,nvarchar,MAX,No,Yes,
dbo,sp_api_error_handler_sql,@PROCID,int,4,No,Yes,None
dbo,sp_api_error_insert,@error_message,nvarchar,4000,No,No,None
dbo,sp_api_error_insert,@duration,int,4,No,No,None
dbo,sp_api_error_insert,@dont_email,bit,1,No,No,0
dbo,sp_api_excel,@sql,nvarchar,MAX,No,No,None
dbo,sp_api_excel,@base64data,nvarchar,MAX,Yes,No,None
dbo,sp_api_excel,@sheetname,nvarchar,31,No,No,None
dbo,sp_api_excel,@columnwidths,nvarchar,MAX,No,No,None
dbo,sp_api_excel,@filename,nvarchar,2000,No,No,None
dbo,sp_api_excel,@order_column,int,4,No,No,1
dbo,sp_api_excel,@datatypes,nvarchar,MAX,No,No,None
dbo,sp_api_excel,@stay_in_modal,bit,1,No,No,0
dbo,sp_api_excel,@context,nvarchar,128,No,No,None
dbo,sp_api_excel,@context_id,int,4,No,No,None
dbo,sp_api_excel,@description,nvarchar,MAX,No,No,None
dbo,sp_api_excel,@category,nvarchar,128,No,No,None
dbo,sp_api_excel,@api_files_id,int,4,Yes,No,None
dbo,sp_api_excel,@url,nvarchar,4000,Yes,No,None
dbo,sp_api_excel,@tmptable,nvarchar,128,No,No,None
dbo,sp_api_excel,@clean_column_names,bit,1,No,No,0
dbo,sp_api_excel_read,@api_files_id,int,4,No,Yes,None
dbo,sp_api_excel_read,@json,nvarchar,MAX,Yes,No,None
dbo,sp_api_exec,@sql,nvarchar,MAX,No,Yes,None
dbo,sp_api_exec,@offset_trick,int,4,No,No,0
dbo,sp_api_exec,@current_id_trick,int,4,No,No,0
dbo,sp_api_exec_static,@sql,nvarchar,MAX,No,Yes,None
dbo,sp_api_exec_static,@total_count,int,4,Yes,Yes,None
dbo,sp_api_exec_static,@first_id,int,4,Yes,Yes,None
dbo,sp_api_exec_static,@last_id,int,4,Yes,Yes,None
dbo,sp_api_exec_static,@total_isam_count,int,4,Yes,Yes,None
dbo,sp_api_exec_static,@parents,api_parents_table,MAX,No,Yes,
dbo,sp_api_exec_static,@name,nvarchar,128,No,Yes,None
dbo,sp_api_export,@json,nvarchar,MAX,Yes,Yes,None
dbo,sp_api_export,@card_name,nvarchar,128,No,No,None
dbo,sp_api_fetch,@url,nvarchar,4000,No,Yes,None
dbo,sp_api_fetch,@headers,nvarchar,MAX,No,No,None
dbo,sp_api_fetch,@method,nvarchar,128,No,No,None
dbo,sp_api_fetch,@body,nvarchar,MAX,No,No,None
dbo,sp_api_fetch,@status,int,4,Yes,No,None
dbo,sp_api_fetch,@response,nvarchar,MAX,Yes,No,None
dbo,sp_api_fetch,@binary_response,varbinary,MAX,Yes,No,None
dbo,sp_api_fetch,@binary,bit,1,No,No,0
dbo,sp_api_fetch_async,@url,nvarchar,4000,No,Yes,None
dbo,sp_api_fetch_async,@headers,nvarchar,MAX,No,No,None
dbo,sp_api_fetch_async,@method,nvarchar,128,No,No,None
dbo,sp_api_fetch_async,@body,nvarchar,MAX,No,No,None
dbo,sp_api_fetch_async,@status,int,4,Yes,No,None
dbo,sp_api_fetch_async,@response,nvarchar,MAX,Yes,No,None
dbo,sp_api_fetch_async,@wait,int,4,No,No,None
dbo,sp_api_fetch_async,@error,nvarchar,MAX,Yes,No,None
dbo,sp_api_fetch_async,@responseheaders,nvarchar,MAX,Yes,No,None
dbo,sp_api_fetch_async,@json,nvarchar,MAX,Yes,No,None
dbo,sp_api_fetch_async,@store,bit,1,No,No,0
dbo,sp_api_fetch_async,@filename,nvarchar,2048,No,No,None
dbo,sp_api_fetch_async,@api_files_id,int,4,No,No,None
dbo,sp_api_fetch_async,@store_only,bit,1,No,No,0
dbo,sp_api_fetch_binary,@url,nvarchar,4000,No,Yes,None
dbo,sp_api_fetch_binary,@headers,nvarchar,MAX,No,No,None
dbo,sp_api_fetch_binary,@method,nvarchar,128,No,No,None
dbo,sp_api_fetch_binary,@body,nvarchar,MAX,No,No,None
dbo,sp_api_fetch_binary,@status,int,4,Yes,No,None
dbo,sp_api_fetch_binary,@response,nvarchar,MAX,Yes,No,None
dbo,sp_api_fetch_json,@url,nvarchar,MAX,No,Yes,None
dbo,sp_api_fetch_json,@json,nvarchar,MAX,Yes,Yes,None
dbo,sp_api_fetch_json,@headers,nvarchar,MAX,No,No,None
dbo,sp_api_fetch_json,@method,nvarchar,128,No,No,None
dbo,sp_api_fetch_json,@body,nvarchar,MAX,No,No,None
dbo,sp_api_file_auto_detect,@api_files_id,int,4,No,Yes,None
dbo,sp_api_file_auto_detect,@json,nvarchar,MAX,Yes,No,None
dbo,sp_api_file_category,@id,int,4,Yes,No,None
dbo,sp_api_file_category,@name,nvarchar,128,Yes,No,None
dbo,sp_api_file_download,@path,nvarchar,4000,No,Yes,None
dbo,sp_api_file_get,@token,varchar,1024,No,No,None
dbo,sp_api_file_get,@show_repo,bit,1,No,No,0
dbo,sp_api_file_ocr,@file_id,int,4,No,Yes,None
dbo,sp_api_file_set,@api_files_id,int,4,No,No,None
dbo,sp_api_file_set,@url,nvarchar,4000,Yes,No,None
dbo,sp_api_file_set,@valid_from,datetime2,6,No,No,None
dbo,sp_api_file_set,@valid_to,datetime2,6,No,No,None
dbo,sp_api_file_set,@seconds_valid,int,4,No,No,None
dbo,sp_api_file_set,@path,nvarchar,4000,No,No,None
dbo,sp_api_file_set,@filename,nvarchar,4000,No,No,None
dbo,sp_api_file_set,@prefix,nvarchar,4000,No,No,None
dbo,sp_api_fk_usage,@table_name,nvarchar,128,No,Yes,None
dbo,sp_api_fk_usage,@ids,nvarchar,MAX,No,No,None
dbo,sp_api_foreach_id,@sql,nvarchar,MAX,No,Yes,None
dbo,sp_api_foreach_id,@ids,nvarchar,MAX,No,Yes,None
dbo,sp_api_ftp_put,@host,varchar,4000,No,Yes,None
dbo,sp_api_ftp_put,@user,nvarchar,4000,No,Yes,None
dbo,sp_api_ftp_put,@password,nvarchar,4000,No,Yes,None
dbo,sp_api_ftp_put,@filepath,nvarchar,4000,No,Yes,None
dbo,sp_api_ftp_put,@data,varbinary,MAX,No,Yes,None
dbo,sp_api_ftp_put,@port,int,4,No,No,21
dbo,sp_api_get_children,@database,nvarchar,255,No,No,tracy_fkt
dbo,sp_api_get_children,@tablename,nvarchar,255,No,No,xTransactionHeader
dbo,sp_api_get_children_v2,@tablename,nvarchar,255,No,No,xTransactionHeader
dbo,sp_api_get_master_api_root_url,@master_api_root_url,nvarchar,4000,Yes,Yes,None
dbo,sp_api_get_master_api_root_url,@system_card,smallint,2,No,No,None
dbo,sp_api_get_parents,@tablename,nvarchar,255,No,No,
dbo,sp_api_get_parents,@query,nvarchar,4000,No,No,
dbo,sp_api_get_parents,@database,nvarchar,255,No,No,
dbo,sp_api_get_parents_v2,@tablename,nvarchar,255,No,No,
dbo,sp_api_get_parents_v2,@query,nvarchar,4000,No,No,
dbo,sp_api_get_parents_v2,@database,nvarchar,255,No,No,
dbo,sp_api_get_parents_v3,@tablename,nvarchar,255,No,No,
dbo,sp_api_get_parents_v3,@query,nvarchar,4000,No,No,
dbo,sp_api_get_parents_v3,@database,nvarchar,255,No,No,
dbo,sp_api_get_query_filter,@filter,nvarchar,2048,No,No,None
dbo,sp_api_get_query_filter,@card_id,int,4,No,Yes,None
dbo,sp_api_get_query_filter,@sql,nvarchar,MAX,Yes,Yes,None
dbo,sp_api_get_query_filter,@identity_column,nvarchar,128,No,No,None
dbo,sp_api_get_relevance_order,@tablename,nvarchar,128,No,No,xCompany
dbo,sp_api_get_relevance_order_fast,@tablename,nvarchar,128,No,No,api_card_fields
dbo,sp_api_get_relevance_order_fast,@reducer,nvarchar,MAX,No,No,N''
dbo,sp_api_get_relevance_order_fast,@top,nvarchar,128,No,No,100
dbo,sp_api_get_relevance_order_fast,@identity_column,nvarchar,128,No,No,id
dbo,sp_api_get_relevance_order_super_fast,@tablename,nvarchar,128,No,No,xCompany
dbo,sp_api_go2,@steps_back,nvarchar,128,No,No,0
dbo,sp_api_go2,@to_list,bit,1,No,No,1
dbo,sp_api_goto,@path,nvarchar,4000,No,No,None
dbo,sp_api_goto,@search,nvarchar,4000,No,No,None
dbo,sp_api_goto,@referer_path,nvarchar,4000,No,No,None
dbo,sp_api_goto,@referer_search,nvarchar,4000,No,No,None
dbo,sp_api_goto,@update_current_search,nvarchar,4000,No,No,None
dbo,sp_api_goto,@id,int,4,No,No,None
dbo,sp_api_goto_get_filter_and_sorting,@path,nvarchar,4000,Yes,Yes,None
dbo,sp_api_goto_get_filter_and_sorting,@search,nvarchar,4000,Yes,Yes,None
dbo,sp_api_history_delete,@id,nvarchar,32,No,Yes,None
dbo,sp_api_history_delete,@tablename,nvarchar,128,No,Yes,None
dbo,sp_api_history_delete,@basetable,nvarchar,128,No,Yes,None
dbo,sp_api_history_delete,@identity_column,nvarchar,128,No,Yes,None
dbo,sp_api_history_delete,@ids,nvarchar,MAX,No,No,None
dbo,sp_api_html_table,@tmptable,nvarchar,128,No,No,#modaltable
dbo,sp_api_html_table,@orderby,nvarchar,MAX,No,No,
dbo,sp_api_html_table,@html,nvarchar,MAX,Yes,Yes,None
dbo,sp_api_html_table,@style,nvarchar,MAX,No,No,border: 1px solid #ccc
dbo,sp_api_image_resize,@images,nvarchar,MAX,Yes,No,None
dbo,sp_api_import,@json,nvarchar,MAX,No,Yes,None
dbo,sp_api_import,@insert_only,bit,1,No,No,0
dbo,sp_api_import,@repopulate_all_cards,bit,1,No,No,0
dbo,sp_api_import,@card_name,nvarchar,128,No,No,None
dbo,sp_api_import,@cards_only,bit,1,No,No,0
dbo,sp_api_import_cards,@card_name,nvarchar,128,No,No,None
dbo,sp_api_import_csv_to_table,@filename,nvarchar,4000,No,Yes,None
dbo,sp_api_import_csv_to_table,@tablename,nvarchar,256,No,Yes,None
dbo,sp_api_import_csv_to_table,@FIELDTERMINATOR,nvarchar,128,No,No,","
dbo,sp_api_import_csv_to_table,@ROWTERMINATOR,nvarchar,128,No,No,0x0a
dbo,sp_api_import_csv_to_table,@FIRSTROW,int,4,No,No,2
dbo,sp_api_import_csv_to_table,@FIELDQUOTE,nvarchar,128,No,No,""""
dbo,sp_api_import_from_master,@card_name,nvarchar,128,No,No,None
dbo,sp_api_import_from_master,@json,nvarchar,MAX,Yes,No,None
dbo,sp_api_import_from_master,@system_card,smallint,2,No,No,None
dbo,sp_api_import_from_master,@store_json,bit,1,No,No,1
dbo,sp_api_import_insert,@trigger_id,int,4,No,Yes,None
dbo,sp_api_import_system_card,@card_name,nvarchar,128,No,Yes,None
dbo,sp_api_import_update,@trigger_id,int,4,No,Yes,None
dbo,sp_api_insert_into,@tablename,nvarchar,128,No,Yes,None
dbo,sp_api_ip_info,@ip_address,nvarchar,128,No,No,None
dbo,sp_api_ip_info,@ip_address_id,int,4,No,No,None
dbo,sp_api_ip_info,@json,nvarchar,MAX,Yes,No,None
dbo,sp_api_json_pivot,@sql,nvarchar,MAX,No,Yes,None
dbo,sp_api_json_to_table,@json,nvarchar,MAX,No,Yes,None
dbo,sp_api_json_to_table,@tablename,nvarchar,128,No,No,None
dbo,sp_api_json_to_table,@path,nvarchar,MAX,No,No,$
dbo,sp_api_keypress,@keycode,nvarchar,MAX,No,Yes,None
dbo,sp_api_mo0dal_file_multi_old,@name,nvarchar,128,No,No,None
dbo,sp_api_mo0dal_file_multi_old,@to_file_context,nvarchar,128,No,No,None
dbo,sp_api_mo0dal_file_multi_old,@to_file_context_id,int,4,No,No,None
dbo,sp_api_mo0dal_file_multi_old,@description,nvarchar,4000,No,No,None
dbo,sp_api_mo0dal_file_multi_old,@api_files_id,int,4,Yes,No,None
dbo,sp_api_mo0dal_file_multi_old,@url,nvarchar,4000,Yes,No,None
dbo,sp_api_mo0dal_file_multi_old,@use_placeholder,nvarchar,128,No,No,None
dbo,sp_api_mo0dal_file_multi_old,@category,nvarchar,128,No,No,None
dbo,sp_api_mo0dal_file_multi_old,@resize_max,int,4,No,No,2048
dbo,sp_api_mo0dal_file_multi_old,@resize_quality,int,4,No,No,75
dbo,sp_api_mo0dal_file_multi_old,@filename,nvarchar,4000,No,No,None
dbo,sp_api_mo0dal_file_multi_old,@filesize_limit,int,4,No,No,None
dbo,sp_api_mo0dal_file_multi_old,@api_files_ids,nvarchar,MAX,Yes,No,None
dbo,sp_api_mo0dal_file_multi_old,@files_ready_for_use,bit,1,Yes,No,0
dbo,sp_api_mo0dal_file_multi_old,@message,nvarchar,MAX,No,No,None
dbo,sp_api_mo0dal_file_multi_old,@upload_finished,bit,1,Yes,No,0
dbo,sp_api_modal_action,@name,nvarchar,255,No,Yes,None
dbo,sp_api_modal_action,@action,nvarchar,128,No,No,None
dbo,sp_api_modal_action,@params,nvarchar,MAX,No,No,None
dbo,sp_api_modal_action,@keycode,nvarchar,128,No,No,None
dbo,sp_api_modal_action,@class,nvarchar,MAX,No,No,None
dbo,sp_api_modal_action,@text,nvarchar,MAX,No,No,None
dbo,sp_api_modal_action,@use_placeholder,nvarchar,128,No,No,None
dbo,sp_api_modal_action,@hidden,bit,1,No,No,0
dbo,sp_api_modal_action,@language_context,nvarchar,128,No,No,menu
dbo,sp_api_modal_action,@display_name,nvarchar,128,No,No,None
dbo,sp_api_modal_address,@name,nvarchar,128,No,No,N'address_search'
dbo,sp_api_modal_address,@value,nvarchar,MAX,Yes,No,None
dbo,sp_api_modal_address,@class,nvarchar,MAX,No,No,
dbo,sp_api_modal_address,@max,int,4,No,No,None
dbo,sp_api_modal_address,@focus,bit,1,No,No,0
dbo,sp_api_modal_address,@select,bit,1,No,No,None
dbo,sp_api_modal_address,@inline,bit,1,No,No,0
dbo,sp_api_modal_address,@hidden,bit,1,No,No,0
dbo,sp_api_modal_address,@identifier,nvarchar,MAX,No,No,None
dbo,sp_api_modal_address,@class_updated,nvarchar,MAX,No,No,None
dbo,sp_api_modal_address,@type,nvarchar,128,No,No,textarea
dbo,sp_api_modal_address,@placeholder,nvarchar,128,No,No,None
dbo,sp_api_modal_address,@postal_code,nvarchar,128,Yes,No,None
dbo,sp_api_modal_address,@street_address,nvarchar,256,Yes,No,None
dbo,sp_api_modal_address,@street_name,nvarchar,256,Yes,No,None
dbo,sp_api_modal_address,@street_number,nvarchar,32,Yes,No,None
dbo,sp_api_modal_address,@locality,nvarchar,128,Yes,No,None
dbo,sp_api_modal_address,@region,nvarchar,128,Yes,No,None
dbo,sp_api_modal_address,@country_name,nvarchar,128,Yes,No,None
dbo,sp_api_modal_address,@extended_address,nvarchar,256,Yes,No,None
dbo,sp_api_modal_address,@place_id,nvarchar,4000,Yes,No,None
dbo,sp_api_modal_address,@json_address,nvarchar,MAX,Yes,No,None
dbo,sp_api_modal_address,@button_value,nvarchar,256,No,No,Search
dbo,sp_api_modal_address,@key,nvarchar,256,No,No,N'Enter'
dbo,sp_api_modal_address,@address_name,nvarchar,256,Yes,No,None
dbo,sp_api_modal_address_search_save,@address_id,int,4,Yes,No,None
dbo,sp_api_modal_address_search_save,@search,nvarchar,MAX,No,No,None
dbo,sp_api_modal_address_search_save,@show_region,bit,1,No,No,0
dbo,sp_api_modal_address_search_save,@key,nvarchar,32,No,No,PageDown
dbo,sp_api_modal_alert,@alert_text,nvarchar,MAX,No,Yes,None
dbo,sp_api_modal_alert,@sub_text,nvarchar,MAX,No,No,None
dbo,sp_api_modal_alert,@key,nvarchar,128,No,No,Enter
dbo,sp_api_modal_alert,@class,nvarchar,MAX,No,No,btn-primary
dbo,sp_api_modal_alert,@escape_path,nvarchar,4000,No,No,None
dbo,sp_api_modal_alert,@continue_path,nvarchar,4000,No,No,None
dbo,sp_api_modal_alert,@textclass,nvarchar,MAX,No,No,None
dbo,sp_api_modal_alert,@seed,nvarchar,4000,No,No,None
dbo,sp_api_modal_alert_error,@alert_text,nvarchar,4000,No,Yes,None
dbo,sp_api_modal_alert_error,@sub_text,nvarchar,MAX,No,No,None
dbo,sp_api_modal_alert_new,@alert_text,nvarchar,MAX,No,Yes,None
dbo,sp_api_modal_alert_new,@sub_text,nvarchar,MAX,No,No,None
dbo,sp_api_modal_audio,@url,nvarchar,4000,No,Yes,None
dbo,sp_api_modal_audio,@autoplay,bit,1,No,No,1
dbo,sp_api_modal_audio,@controls,bit,1,No,No,0
dbo,sp_api_modal_audio,@seed,nvarchar,128,No,No,None
dbo,sp_api_modal_audio,@seconds,int,4,No,No,None
dbo,sp_api_modal_audio,@toast_text,nvarchar,MAX,No,No,None
dbo,sp_api_modal_beep,@frequency,int,4,No,No,1200
dbo,sp_api_modal_beep,@duration,int,4,No,No,300
dbo,sp_api_modal_beep,@use_placeholder,nvarchar,128,No,No,None
dbo,sp_api_modal_beep,@seed,nvarchar,36,No,No,None
dbo,sp_api_modal_button,@name,nvarchar,MAX,No,No,None
dbo,sp_api_modal_button,@value,nvarchar,MAX,No,Yes,None
dbo,sp_api_modal_button,@valueout,nvarchar,MAX,Yes,No,None
dbo,sp_api_modal_button,@class,nvarchar,MAX,No,No,btn-primary
dbo,sp_api_modal_button,@key,nvarchar,255,No,No,None
dbo,sp_api_modal_button,@translate,bit,1,No,No,1
dbo,sp_api_modal_button,@class_updated,nvarchar,MAX,No,No,None
dbo,sp_api_modal_button,@set_values,nvarchar,MAX,No,No,None
dbo,sp_api_modal_button,@inline,bit,1,No,No,1
dbo,sp_api_modal_button,@use_placeholder,nvarchar,128,No,No,None
dbo,sp_api_modal_button,@seed,nvarchar,4000,No,No,None
dbo,sp_api_modal_button,@invisible,bit,1,No,No,0
dbo,sp_api_modal_button,@language_context,nvarchar,128,No,No,modal
dbo,sp_api_modal_button,@reset_after_click,bit,1,No,No,0
dbo,sp_api_modal_button,@disabled,bit,1,No,No,0
dbo,sp_api_modal_button_back,@set_values,nvarchar,MAX,No,No,None
dbo,sp_api_modal_button_back,@invisible,bit,1,No,No,0
dbo,sp_api_modal_chart,@name,nvarchar,128,No,No,None
dbo,sp_api_modal_chart,@data,nvarchar,MAX,No,No,None
dbo,sp_api_modal_chart,@height,nvarchar,128,No,No,400px
dbo,sp_api_modal_chart,@tmptable,nvarchar,128,No,No,None
dbo,sp_api_modal_chart,@inline,bit,1,No,No,None
dbo,sp_api_modal_chart,@class,nvarchar,MAX,No,No,None
dbo,sp_api_modal_chart,@type,nvarchar,128,No,No,bar
dbo,sp_api_modal_chart,@title,nvarchar,128,No,No,None
dbo,sp_api_modal_chart,@options,nvarchar,MAX,No,No,None
dbo,sp_api_modal_chart,@value,nvarchar,MAX,Yes,No,None
dbo,sp_api_modal_chart,@dataset_value,nvarchar,MAX,Yes,No,None
dbo,sp_api_modal_chart,@number_value,float,8,Yes,No,None
dbo,sp_api_modal_chart,@animation,bit,1,No,No,1
dbo,sp_api_modal_chart,@animation_duration,int,4,No,No,200
dbo,sp_api_modal_chart,@set_values,nvarchar,MAX,No,No,None
dbo,sp_api_modal_chart,@back_invisible,bit,1,No,No,0
dbo,sp_api_modal_chart,@print,bit,1,No,No,0
dbo,sp_api_modal_chart,@top,int,4,No,No,None
dbo,sp_api_modal_choose,@list,nvarchar,MAX,No,No,None
dbo,sp_api_modal_choose,@value,nvarchar,MAX,Yes,No,None
dbo,sp_api_modal_choose,@name,nvarchar,MAX,No,No,None
dbo,sp_api_modal_choose,@class,nvarchar,MAX,No,No,None
dbo,sp_api_modal_choose,@startkey,int,4,No,No,1
dbo,sp_api_modal_choose,@keyprefix,nvarchar,20,No,No,F
dbo,sp_api_modal_choose,@class_updated,nvarchar,MAX,No,No,None
dbo,sp_api_modal_choose,@multi,bit,1,No,No,None
dbo,sp_api_modal_choose,@tmptable,nvarchar,128,No,No,None
dbo,sp_api_modal_choose,@orderby,nvarchar,MAX,No,No,None
dbo,sp_api_modal_choose,@translate,bit,1,No,No,0
dbo,sp_api_modal_choose,@seed,nvarchar,MAX,No,No,None
dbo,sp_api_modal_choose,@inline,bit,1,No,No,1
dbo,sp_api_modal_choose,@reducer,nvarchar,MAX,No,No,None
dbo,sp_api_modal_choose,@name_filter,nvarchar,256,No,No,None
dbo,sp_api_modal_choose,@select_all_button,bit,1,No,No,0
dbo,sp_api_modal_choose,@reset_values,nvarchar,MAX,No,No,None
dbo,sp_api_modal_choose,@button_class,nvarchar,128,No,No,N'primary'
dbo,sp_api_modal_choose,@ids,nvarchar,MAX,Yes,No,None
dbo,sp_api_modal_choose,@id,int,4,Yes,No,None
dbo,sp_api_modal_choose,@value_seperator,nvarchar,128,No,No,","
dbo,sp_api_modal_choose,@table,nvarchar,128,No,No,None
dbo,sp_api_modal_choose,@column,nvarchar,128,No,No,None
dbo,sp_api_modal_choose,@column_classes,nvarchar,MAX,No,No,None
dbo,sp_api_modal_choose_list,@list,nvarchar,MAX,No,Yes,None
dbo,sp_api_modal_choose_list,@value,nvarchar,128,Yes,Yes,None
dbo,sp_api_modal_choose_list,@name,nvarchar,128,No,No,None
dbo,sp_api_modal_choose_list,@placeholder,nvarchar,256,No,No,None
dbo,sp_api_modal_choose_list,@initial_id,nvarchar,2000,No,No,None
dbo,sp_api_modal_choose_list,@top,nvarchar,32,No,No,50
dbo,sp_api_modal_choose_list,@use_placeholder,nvarchar,128,No,No,None
dbo,sp_api_modal_clear,@alert_text,nvarchar,MAX,No,No,None
dbo,sp_api_modal_clear,@sub_text,nvarchar,MAX,No,No,None
dbo,sp_api_modal_clear,@clear_gui_only,bit,1,No,No,0
dbo,sp_api_modal_clear,@from_placeholder,nvarchar,128,No,No,None
dbo,sp_api_modal_csv,@tmptable,nvarchar,128,No,No,#modaltable
dbo,sp_api_modal_csv,@filename,nvarchar,1024,No,No,None
dbo,sp_api_modal_csv,@sep,nvarchar,1,No,No,;
dbo,sp_api_modal_csv,@orderby,nvarchar,MAX,No,No,ORDER BY (SELECT 0)
dbo,sp_api_modal_csv,@eol,nvarchar,16,No,No,None
dbo,sp_api_modal_csv,@ansi,bit,1,No,No,0
dbo,sp_api_modal_csv,@useheaders,bit,1,No,No,1
dbo,sp_api_modal_csv,@startrow,nvarchar,MAX,No,No,
dbo,sp_api_modal_csv,@endrow,nvarchar,MAX,No,No,
dbo,sp_api_modal_csv,@usequotes,bit,1,No,No,0
dbo,sp_api_modal_csv,@usequotesfornull,bit,1,No,No,0
dbo,sp_api_modal_csv,@to_base64,bit,1,No,No,0
dbo,sp_api_modal_csv,@base64,varchar,MAX,Yes,No,None
dbo,sp_api_modal_csv_from_file,@seperator,nvarchar,10,No,No,[\t]
dbo,sp_api_modal_csv_from_file,@tablename,nvarchar,128,No,No,N'#tabs'
dbo,sp_api_modal_csv_from_file,@file_id,int,4,Yes,No,None
dbo,sp_api_modal_date,@name,nvarchar,128,No,Yes,None
dbo,sp_api_modal_date,@value,nvarchar,MAX,Yes,Yes,None
dbo,sp_api_modal_date,@class,nvarchar,MAX,No,No,None
dbo,sp_api_modal_date,@focus,bit,1,No,No,0
dbo,sp_api_modal_date,@select,bit,1,No,No,0
dbo,sp_api_modal_date,@inline,bit,1,No,No,0
dbo,sp_api_modal_date,@identifier,nvarchar,MAX,No,No,None
dbo,sp_api_modal_date,@class_updated,nvarchar,MAX,No,No,None
dbo,sp_api_modal_date,@hidden,bit,1,No,No,0
dbo,sp_api_modal_date,@min,date,3,No,No,None
dbo,sp_api_modal_date,@max,date,3,No,No,None
dbo,sp_api_modal_date,@seed,nvarchar,4000,No,No,None
dbo,sp_api_modal_date_from_to,@from,nvarchar,MAX,Yes,Yes,None
dbo,sp_api_modal_date_from_to,@to,nvarchar,MAX,Yes,Yes,None
dbo,sp_api_modal_date_from_to,@class,nvarchar,MAX,No,No,
dbo,sp_api_modal_date_from_to,@seed,nvarchar,4000,No,No,None
dbo,sp_api_modal_datetime,@name,nvarchar,255,No,Yes,None
dbo,sp_api_modal_datetime,@value,nvarchar,MAX,Yes,Yes,None
dbo,sp_api_modal_datetime,@class,nvarchar,MAX,No,No,
dbo,sp_api_modal_datetime,@focus,bit,1,No,No,0
dbo,sp_api_modal_datetime,@select,bit,1,No,No,0
dbo,sp_api_modal_datetime,@inline,bit,1,No,No,1
dbo,sp_api_modal_dispatch,@dispatchjson,nvarchar,MAX,No,Yes,None
dbo,sp_api_modal_download,@filename,nvarchar,2048,No,No,None
dbo,sp_api_modal_download,@mimetype,nvarchar,1024,No,No,None
dbo,sp_api_modal_download,@rawdata,varbinary,MAX,No,No,None
dbo,sp_api_modal_download,@base64,nvarchar,MAX,No,No,None
dbo,sp_api_modal_download_report,@context,nvarchar,128,No,Yes,None
dbo,sp_api_modal_download_report,@context_id,nvarchar,32,No,Yes,None
dbo,sp_api_modal_download_reports,@context,nvarchar,128,No,Yes,None
dbo,sp_api_modal_download_reports,@context_ids,nvarchar,MAX,No,Yes,None
dbo,sp_api_modal_editor,@name,nvarchar,128,No,Yes,None
dbo,sp_api_modal_editor,@value,nvarchar,MAX,Yes,Yes,None
dbo,sp_api_modal_editor,@class,nvarchar,MAX,No,No,
dbo,sp_api_modal_editor,@identifier,nvarchar,MAX,No,No,None
dbo,sp_api_modal_editor,@placeholder,nvarchar,128,No,No,None
dbo,sp_api_modal_end,@alert_text,nvarchar,MAX,No,Yes,None
dbo,sp_api_modal_end,@sub_text,nvarchar,MAX,No,No,None
dbo,sp_api_modal_field_insert,@card_field_id,int,4,No,Yes,None
dbo,sp_api_modal_field_insert,@text,nvarchar,MAX,No,No,N''
dbo,sp_api_modal_file,@name,nvarchar,128,No,Yes,None
dbo,sp_api_modal_file,@to_file_context,nvarchar,128,No,Yes,None
dbo,sp_api_modal_file,@to_file_context_id,int,4,No,Yes,None
dbo,sp_api_modal_file,@description,nvarchar,4000,No,No,None
dbo,sp_api_modal_file,@api_files_id,int,4,Yes,No,None
dbo,sp_api_modal_file,@url,nvarchar,4000,Yes,No,None
dbo,sp_api_modal_file,@use_placeholder,nvarchar,128,No,No,None
dbo,sp_api_modal_file,@category,nvarchar,128,No,No,None
dbo,sp_api_modal_file,@resize_max,int,4,No,No,2048
dbo,sp_api_modal_file,@resize_quality,int,4,No,No,75
dbo,sp_api_modal_file,@filename,nvarchar,4000,No,No,None
dbo,sp_api_modal_file_multi,@name,nvarchar,128,No,No,None
dbo,sp_api_modal_file_multi,@to_file_context,nvarchar,128,No,No,None
dbo,sp_api_modal_file_multi,@to_file_context_id,int,4,No,No,None
dbo,sp_api_modal_file_multi,@description,nvarchar,4000,No,No,None
dbo,sp_api_modal_file_multi,@api_files_id,int,4,Yes,No,None
dbo,sp_api_modal_file_multi,@url,nvarchar,4000,Yes,No,None
dbo,sp_api_modal_file_multi,@use_placeholder,nvarchar,128,No,No,None
dbo,sp_api_modal_file_multi,@category,nvarchar,128,No,No,None
dbo,sp_api_modal_file_multi,@resize_max,int,4,No,No,2048
dbo,sp_api_modal_file_multi,@resize_quality,int,4,No,No,75
dbo,sp_api_modal_file_multi,@filename,nvarchar,4000,No,No,None
dbo,sp_api_modal_file_multi,@filesize_limit,int,4,No,No,None
dbo,sp_api_modal_file_multi,@api_files_ids,nvarchar,MAX,Yes,No,None
dbo,sp_api_modal_file_multi,@files_ready_for_use,bit,1,Yes,No,0
dbo,sp_api_modal_file_multi,@message,nvarchar,MAX,No,No,None
dbo,sp_api_modal_file_multi,@upload_finished,bit,1,Yes,No,0
dbo,sp_api_modal_file_multi,@multiple,bit,1,No,No,1
dbo,sp_api_modal_file_multi_test,@name,nvarchar,128,No,No,None
dbo,sp_api_modal_file_multi_test,@to_file_context,nvarchar,128,No,No,None
dbo,sp_api_modal_file_multi_test,@to_file_context_id,int,4,No,No,None
dbo,sp_api_modal_file_multi_test,@description,nvarchar,4000,No,No,None
dbo,sp_api_modal_file_multi_test,@api_files_id,int,4,Yes,No,None
dbo,sp_api_modal_file_multi_test,@url,nvarchar,4000,Yes,No,None
dbo,sp_api_modal_file_multi_test,@use_placeholder,nvarchar,128,No,No,None
dbo,sp_api_modal_file_multi_test,@category,nvarchar,128,No,No,None
dbo,sp_api_modal_file_multi_test,@resize_max,int,4,No,No,2048
dbo,sp_api_modal_file_multi_test,@resize_quality,int,4,No,No,75
dbo,sp_api_modal_file_multi_test,@filename,nvarchar,4000,No,No,None
dbo,sp_api_modal_file_multi_test,@filesize_limit,int,4,No,No,None
dbo,sp_api_modal_file_multi_test,@api_files_ids,nvarchar,MAX,Yes,No,None
dbo,sp_api_modal_file_multi_test,@files_ready_for_use,bit,1,Yes,No,0
dbo,sp_api_modal_file_multi_test,@message,nvarchar,MAX,No,No,None
dbo,sp_api_modal_file_multi_test,@upload_finished,bit,1,Yes,No,0
dbo,sp_api_modal_file_multi_test,@multiple,bit,1,No,No,1
dbo,sp_api_modal_file_thumbnails,@context,nvarchar,128,No,No,None
dbo,sp_api_modal_file_thumbnails,@context_id,int,4,No,No,None
dbo,sp_api_modal_file_thumbnails,@api_files_ids,nvarchar,MAX,No,No,None
dbo,sp_api_modal_file_thumbnails,@width,int,4,No,No,None
dbo,sp_api_modal_file_thumbnails,@height,int,4,No,No,None
dbo,sp_api_modal_file_thumbnails,@quality,int,4,No,No,None
dbo,sp_api_modal_file_thumbnails,@fit,nvarchar,128,No,No,None
dbo,sp_api_modal_file_thumbnails,@background,nvarchar,128,No,No,None
dbo,sp_api_modal_focus,@name,nvarchar,128,No,Yes,None
dbo,sp_api_modal_get,@key,nvarchar,255,No,Yes,None
dbo,sp_api_modal_get,@value,nvarchar,MAX,Yes,Yes,None
dbo,sp_api_modal_get_listview_reducer,@reducer,nvarchar,MAX,Yes,Yes,None
dbo,sp_api_modal_get_value,@name,nvarchar,MAX,No,Yes,None
dbo,sp_api_modal_get_value,@value,nvarchar,MAX,Yes,No,None
dbo,sp_api_modal_html,@html,nvarchar,MAX,No,No,N''
dbo,sp_api_modal_html,@class,nvarchar,MAX,No,No,None
dbo,sp_api_modal_html,@use_placeholder,nvarchar,128,No,No,None
dbo,sp_api_modal_html,@print,bit,1,No,No,0
dbo,sp_api_modal_html,@printonly,bit,1,No,No,0
dbo,sp_api_modal_html,@iframe,bit,1,No,No,0
dbo,sp_api_modal_html,@name,nvarchar,128,No,No,None
dbo,sp_api_modal_html,@iframe_src,nvarchar,4000,No,No,None
dbo,sp_api_modal_html,@height,nvarchar,128,No,No,None
dbo,sp_api_modal_html,@direct_post,bit,1,No,No,0
dbo,sp_api_modal_html,@value,nvarchar,MAX,Yes,No,None
dbo,sp_api_modal_html,@iframe_message_data,nvarchar,MAX,No,No,None
dbo,sp_api_modal_html,@inline,bit,1,No,No,0
dbo,sp_api_modal_html,@type,nvarchar,128,No,No,None
dbo,sp_api_modal_html2pdf,@html,nvarchar,MAX,No,No,None
dbo,sp_api_modal_html2pdf,@filename,nvarchar,2048,No,No,None
dbo,sp_api_modal_html2pdf,@margin,int,4,No,No,None
dbo,sp_api_modal_html2pdf,@top,int,4,No,No,None
dbo,sp_api_modal_html2pdf,@left,int,4,No,No,None
dbo,sp_api_modal_html2pdf,@right,int,4,No,No,None
dbo,sp_api_modal_html2pdf,@bottom,int,4,No,No,None
dbo,sp_api_modal_html2pdf,@store,bit,1,No,No,0
dbo,sp_api_modal_html2pdf,@api_files_id,int,4,Yes,No,None
dbo,sp_api_modal_html2pdf,@context,nvarchar,128,No,No,None
dbo,sp_api_modal_html2pdf,@context_id,int,4,No,No,None
dbo,sp_api_modal_html2pdf,@omitBackground,bit,1,No,No,0
dbo,sp_api_modal_html2pdf,@printBackground,bit,1,No,No,1
dbo,sp_api_modal_html2pdf,@category,nvarchar,128,No,No,None
dbo,sp_api_modal_html2pdf,@cssfile,nvarchar,4000,No,No,None
dbo,sp_api_modal_html2pdf,@waitfor,int,4,No,No,400
dbo,sp_api_modal_image,@src,nvarchar,MAX,No,Yes,None
dbo,sp_api_modal_image,@class,nvarchar,MAX,No,No,text-center
dbo,sp_api_modal_image,@inline,bit,1,No,No,0
dbo,sp_api_modal_image,@print,bit,1,No,No,0
dbo,sp_api_modal_image,@printonly,bit,1,No,No,0
dbo,sp_api_modal_image,@width,nvarchar,20,No,No,None
dbo,sp_api_modal_image,@imageclass,nvarchar,MAX,No,No,mw-100
dbo,sp_api_modal_input,@name,nvarchar,128,No,Yes,None
dbo,sp_api_modal_input,@value,nvarchar,MAX,Yes,No,None
dbo,sp_api_modal_input,@class,nvarchar,MAX,No,No,
dbo,sp_api_modal_input,@max,int,4,No,No,None
dbo,sp_api_modal_input,@focus,bit,1,No,No,0
dbo,sp_api_modal_input,@select,bit,1,No,No,None
dbo,sp_api_modal_input,@inline,bit,1,No,No,0
dbo,sp_api_modal_input,@hidden,bit,1,No,No,0
dbo,sp_api_modal_input,@identifier,nvarchar,MAX,No,No,None
dbo,sp_api_modal_input,@class_updated,nvarchar,MAX,No,No,None
dbo,sp_api_modal_input,@type,nvarchar,128,No,No,None
dbo,sp_api_modal_input,@placeholder,nvarchar,128,No,No,None
dbo,sp_api_modal_input,@rows,int,4,No,No,None
dbo,sp_api_modal_input,@scanner,bit,1,No,No,0
dbo,sp_api_modal_input,@scanner_visible,bit,1,No,No,0
dbo,sp_api_modal_input,@scanner_action_prefix,nvarchar,256,No,No,None
dbo,sp_api_modal_input,@scanner_items_text,nvarchar,MAX,No,No,None
dbo,sp_api_modal_input,@scanner_direct_post,bit,1,No,No,0
dbo,sp_api_modal_input,@use_placeholder,nvarchar,128,No,No,None
dbo,sp_api_modal_input,@seed,nvarchar,4000,No,No,None
dbo,sp_api_modal_input,@number_min,float,8,No,No,0
dbo,sp_api_modal_input,@number_max,float,8,No,No,100
dbo,sp_api_modal_input,@number_step,float,8,No,No,None
dbo,sp_api_modal_input,@ignore_keys,nvarchar,MAX,No,No,None
dbo,sp_api_modal_input,@autocomplete,nvarchar,128,No,No,None
dbo,sp_api_modal_input,@lang,nvarchar,8,No,No,None
dbo,sp_api_modal_input_calculator,@name,nvarchar,255,No,Yes,None
dbo,sp_api_modal_input_calculator,@value,nvarchar,MAX,Yes,Yes,None
dbo,sp_api_modal_input_calculator,@class,nvarchar,MAX,No,No,
dbo,sp_api_modal_input_calculator,@focus,bit,1,No,No,0
dbo,sp_api_modal_input_calculator,@select,bit,1,No,No,None
dbo,sp_api_modal_input_calculator,@inline,bit,1,No,No,0
dbo,sp_api_modal_input_calculator,@hidden,bit,1,No,No,0
dbo,sp_api_modal_input_calculator,@identifier,nvarchar,MAX,No,No,None
dbo,sp_api_modal_input_calculator,@class_updated,nvarchar,MAX,No,No,None
dbo,sp_api_modal_input_calculator,@type,nvarchar,128,No,No,None
dbo,sp_api_modal_input_calculator,@placeholder,nvarchar,128,No,No,None
dbo,sp_api_modal_input_calculator,@precision,int,4,No,No,18
dbo,sp_api_modal_input_calculator,@scale,int,4,No,No,2
dbo,sp_api_modal_input_calculator,@use_placeholder,nvarchar,128,No,No,None
dbo,sp_api_modal_input_date,@name,nvarchar,128,No,Yes,None
dbo,sp_api_modal_input_date,@value,nvarchar,MAX,Yes,Yes,None
dbo,sp_api_modal_input_date,@class,nvarchar,MAX,No,No,None
dbo,sp_api_modal_input_date,@focus,bit,1,No,No,0
dbo,sp_api_modal_input_date,@select,bit,1,No,No,0
dbo,sp_api_modal_input_date,@inline,bit,1,No,No,0
dbo,sp_api_modal_input_date,@identifier,nvarchar,MAX,No,No,None
dbo,sp_api_modal_input_date,@class_updated,nvarchar,MAX,No,No,None
dbo,sp_api_modal_input_date,@hidden,bit,1,No,No,0
dbo,sp_api_modal_input_date,@min,date,3,No,No,None
dbo,sp_api_modal_input_date,@max,date,3,No,No,None
dbo,sp_api_modal_input_date,@seed,nvarchar,4000,No,No,None
dbo,sp_api_modal_input_datetime,@name,nvarchar,255,No,No,None
dbo,sp_api_modal_input_datetime,@value,datetime2,6,Yes,Yes,None
dbo,sp_api_modal_input_datetime,@class,nvarchar,MAX,No,No,
dbo,sp_api_modal_input_datetime,@focus,bit,1,No,No,0
dbo,sp_api_modal_input_datetime,@select,bit,1,No,No,0
dbo,sp_api_modal_input_datetime,@inline,bit,1,No,No,1
dbo,sp_api_modal_input_datetime_test,@name,nvarchar,255,No,No,None
dbo,sp_api_modal_input_datetime_test,@value,datetime2,6,Yes,Yes,None
dbo,sp_api_modal_input_datetime_test,@class,nvarchar,MAX,No,No,
dbo,sp_api_modal_input_datetime_test,@focus,bit,1,No,No,0
dbo,sp_api_modal_input_datetime_test,@select,bit,1,No,No,0
dbo,sp_api_modal_input_datetime_test,@inline,bit,1,No,No,1
dbo,sp_api_modal_input_decimal,@name,nvarchar,255,No,Yes,None
dbo,sp_api_modal_input_decimal,@value,nvarchar,MAX,Yes,Yes,None
dbo,sp_api_modal_input_decimal,@class,nvarchar,MAX,No,No,None
dbo,sp_api_modal_input_decimal,@max,int,4,No,No,None
dbo,sp_api_modal_input_decimal,@focus,bit,1,No,No,0
dbo,sp_api_modal_input_decimal,@select,bit,1,No,No,None
dbo,sp_api_modal_input_decimal,@inline,bit,1,No,No,0
dbo,sp_api_modal_input_decimal,@hidden,bit,1,No,No,0
dbo,sp_api_modal_input_decimal,@identifier,nvarchar,MAX,No,No,None
dbo,sp_api_modal_input_decimal,@class_updated,nvarchar,MAX,No,No,None
dbo,sp_api_modal_input_decimal,@type,nvarchar,128,No,No,None
dbo,sp_api_modal_input_decimal,@placeholder,nvarchar,128,No,No,None
dbo,sp_api_modal_input_decimal,@precision,int,4,No,No,18
dbo,sp_api_modal_input_decimal,@scale,int,4,No,No,2
dbo,sp_api_modal_input_decimal,@use_placeholder,nvarchar,128,No,No,None
dbo,sp_api_modal_input_decimal,@ignore_keys,nvarchar,MAX,No,No,None
dbo,sp_api_modal_input_decimal,@seed,nvarchar,4000,No,No,None
dbo,sp_api_modal_input_time,@name,nvarchar,128,No,Yes,None
dbo,sp_api_modal_input_time,@value,nvarchar,MAX,Yes,Yes,None
dbo,sp_api_modal_input_time,@class,nvarchar,MAX,No,No,
dbo,sp_api_modal_input_time,@inline,bit,1,No,No,1
dbo,sp_api_modal_input_time,@hidden,bit,1,No,No,0
dbo,sp_api_modal_input_time,@identifier,nvarchar,MAX,No,No,None
dbo,sp_api_modal_input_time,@class_updated,nvarchar,MAX,No,No,None
dbo,sp_api_modal_input_time,@placeholder,nvarchar,128,No,No,None
dbo,sp_api_modal_input_time,@use_placeholder,nvarchar,128,No,No,None
dbo,sp_api_modal_instant_report,@viewname,nvarchar,128,No,Yes,None
dbo,sp_api_modal_instant_report,@hide_filters,nvarchar,MAX,No,No,None
dbo,sp_api_modal_media,@url,nvarchar,4000,No,Yes,
dbo,sp_api_modal_media,@autoplay,bit,1,No,No,"1,"
dbo,sp_api_modal_media,@controls,bit,1,No,No,"0,"
dbo,sp_api_modal_media,@seed,nvarchar,128,No,No,"NULL,"
dbo,sp_api_modal_media,@seconds,int,4,No,No,"NULL,"
dbo,sp_api_modal_media,@toast_text,nvarchar,MAX,No,No,"NULL,"
dbo,sp_api_modal_media,@media_type,nvarchar,10,No,No,audio
dbo,sp_api_modal_menu_user,@user_id,int,4,No,Yes,None
dbo,sp_api_modal_menu_user,@path,nvarchar,4000,No,Yes,None
dbo,sp_api_modal_menu_user,@hclass,nvarchar,128,No,No,h5 text-muted mt-3
dbo,sp_api_modal_menu_user,@bclass,nvarchar,128,No,No,btn-tracy
dbo,sp_api_modal_menu_user,@no_menu,bit,1,No,No,1
dbo,sp_api_modal_menu_user,@night_modus,bit,1,No,No,1
dbo,sp_api_modal_menu_user,@color_blind,bit,1,No,No,1
dbo,sp_api_modal_modal,@class,nvarchar,MAX,No,No,
dbo,sp_api_modal_modal,@style,nvarchar,MAX,No,No,
dbo,sp_api_modal_modal,@printStyle,nvarchar,MAX,No,No,
dbo,sp_api_modal_modal,@landscape,bit,1,No,No,0
dbo,sp_api_modal_modal,@printMedia,nvarchar,MAX,No,No,
dbo,sp_api_modal_modal,@printname,nvarchar,MAX,No,No,None
dbo,sp_api_modal_modal,@use_placeholder,nvarchar,128,No,No,None
dbo,sp_api_modal_modal,@globalStyle,nvarchar,MAX,No,No,None
dbo,sp_api_modal_modal,@printblack,bit,1,No,No,0
dbo,sp_api_modal_modal,@print_keycode,nvarchar,128,No,No,None
dbo,sp_api_modal_modal,@title,nvarchar,1024,No,No,None
dbo,sp_api_modal_modal,@cannotLeaveModal,bit,1,No,No,None
dbo,sp_api_modal_most_used_cards,@user_id,int,4,No,Yes,None
dbo,sp_api_modal_multi_select,@card_name,nvarchar,128,No,No,None
dbo,sp_api_modal_multi_select,@selected_ids,nvarchar,MAX,Yes,Yes,None
dbo,sp_api_modal_multi_select,@name,nvarchar,256,No,No,None
dbo,sp_api_modal_multi_select,@reducer,nvarchar,MAX,No,Yes,
dbo,sp_api_modal_multi_select,@placeholder,nvarchar,256,No,No,N'Choose...'
dbo,sp_api_modal_multi_select,@top,nvarchar,32,No,No,10
dbo,sp_api_modal_multi_select,@no_isam,bit,1,No,No,1
dbo,sp_api_modal_outerhtml,@html,nvarchar,MAX,Yes,No,None
dbo,sp_api_modal_outerhtml,@query_selector,nvarchar,MAX,No,No,N'.pickmodal'
dbo,sp_api_modal_outerhtml,@use_placeholder,nvarchar,128,No,No,None
dbo,sp_api_modal_outerhtml,@seed,nvarchar,4000,No,No,None
dbo,sp_api_modal_outerhtml,@head,nvarchar,MAX,Yes,No,None
dbo,sp_api_modal_paste,@data,nvarchar,MAX,Yes,No,None
dbo,sp_api_modal_paste,@name,nvarchar,128,No,No,None
dbo,sp_api_modal_paste,@json,nvarchar,MAX,Yes,No,None
dbo,sp_api_modal_paste,@testdata,nvarchar,MAX,No,No,None
dbo,sp_api_modal_paste,@show_sql,bit,1,No,No,0
dbo,sp_api_modal_paste,@to_empty_table,nvarchar,128,No,No,None
dbo,sp_api_modal_paste,@text,nvarchar,MAX,Yes,No,None
dbo,sp_api_modal_paste,@html,nvarchar,MAX,Yes,No,None
dbo,sp_api_modal_paste_2,@data,nvarchar,MAX,Yes,No,None
dbo,sp_api_modal_paste_2,@name,nvarchar,128,No,No,None
dbo,sp_api_modal_paste_2,@json,nvarchar,MAX,Yes,No,None
dbo,sp_api_modal_paste_2,@testdata,nvarchar,MAX,No,No,None
dbo,sp_api_modal_paste_2,@show_sql,bit,1,No,No,0
dbo,sp_api_modal_paste_2,@to_empty_table,nvarchar,128,No,No,None
dbo,sp_api_modal_pathname,@pathname,nvarchar,4000,No,Yes,None
dbo,sp_api_modal_pathname,@search,nvarchar,4000,No,No,None
dbo,sp_api_modal_pdf_merge_multi,@message,nvarchar,MAX,No,No,None
dbo,sp_api_modal_pdf_merge_multi,@api_files_ids,nvarchar,MAX,No,No,None
dbo,sp_api_modal_pdf_merge_multi,@base64data,nvarchar,MAX,Yes,No,None
dbo,sp_api_modal_pdf_merge_multi,@filename,nvarchar,2048,No,No,None
dbo,sp_api_modal_pdf_merge_multi,@context,nvarchar,128,No,No,None
dbo,sp_api_modal_pdf_merge_multi,@context_id,int,4,No,No,None
dbo,sp_api_modal_pdf_merge_multi,@api_files_id,int,4,Yes,No,None
dbo,sp_api_modal_pdf_merge_multi,@url,nvarchar,4000,Yes,No,None
dbo,sp_api_modal_pdf_merge_multi,@category,nvarchar,128,No,No,None
dbo,sp_api_modal_pdf_merge_multi,@preview,bit,1,No,No,0
dbo,sp_api_modal_pdf2json,@text,nvarchar,MAX,Yes,No,None
dbo,sp_api_modal_pdf2json,@json,nvarchar,MAX,Yes,No,None
dbo,sp_api_modal_pdf2json,@tmptable,nvarchar,128,No,No,None
dbo,sp_api_modal_pdf2json,@api_files_id,int,4,No,No,None
dbo,sp_api_modal_placeholder,@name,nvarchar,128,No,Yes,None
dbo,sp_api_modal_post,@card,nvarchar,128,No,Yes,None
dbo,sp_api_modal_post,@column,nvarchar,128,No,Yes,None
dbo,sp_api_modal_post,@value,nvarchar,MAX,No,Yes,None
dbo,sp_api_modal_post,@id,int,4,No,No,0
dbo,sp_api_modal_post,@parent_parent,bit,1,No,No,0
dbo,sp_api_modal_post,@parent_id,int,4,No,No,None
dbo,sp_api_modal_post,@parent_card_id,int,4,No,No,None
dbo,sp_api_modal_preview,@base64data,nvarchar,MAX,No,Yes,None
dbo,sp_api_modal_preview,@mimetype,nvarchar,128,No,No,N'application/pdf'
dbo,sp_api_modal_preview_report,@RequestKey,nvarchar,128,No,Yes,None
dbo,sp_api_modal_preview_report,@use_placeholder,nvarchar,128,No,No,None
dbo,sp_api_modal_print,@name,nvarchar,128,No,No,N'Print'
dbo,sp_api_modal_print,@keycode,nvarchar,128,No,No,Ctrl+P
dbo,sp_api_modal_print,@escape,bit,1,No,No,1
dbo,sp_api_modal_qr_code,@value,nvarchar,400,No,Yes,None
dbo,sp_api_modal_qr_code,@print,bit,1,No,No,1
dbo,sp_api_modal_qr_code,@printonly,bit,1,No,No,0
dbo,sp_api_modal_qr_code,@center_image,nvarchar,4000,No,No,None
dbo,sp_api_modal_qr_code,@size,int,4,No,No,512
dbo,sp_api_modal_qr_code,@level,nchar,1,No,No,M
dbo,sp_api_modal_qr_code,@element_id,nvarchar,128,No,No,None
dbo,sp_api_modal_qr_code,@use_placeholder,nvarchar,128,No,No,None
dbo,sp_api_modal_qr_scanner,@name,nvarchar,128,No,No,None
dbo,sp_api_modal_qr_scanner,@value,nvarchar,MAX,Yes,No,None
dbo,sp_api_modal_qr_scanner,@use_placeholder,nvarchar,128,No,No,None
dbo,sp_api_modal_qr_scanner,@class,nvarchar,MAX,No,No,None
dbo,sp_api_modal_qr_scanner,@scanDelay,int,4,No,No,None
dbo,sp_api_modal_qr_scanner,@use_camera,bit,1,No,No,1
dbo,sp_api_modal_qr_scanner,@scanner_action_prefix,nvarchar,256,No,No,None
dbo,sp_api_modal_qr_scanner,@scanner_direct_post,bit,1,No,No,1
dbo,sp_api_modal_qr_scanner,@scanner_items_text,nvarchar,MAX,No,No,
dbo,sp_api_modal_reducer,@column,nvarchar,128,No,Yes,None
dbo,sp_api_modal_reducer,@reducer,nvarchar,MAX,Yes,Yes,None
dbo,sp_api_modal_reducer,@type,nvarchar,128,No,No,None
dbo,sp_api_modal_reducer,@inline,bit,1,No,No,1
dbo,sp_api_modal_reducer,@placeholder,nvarchar,128,No,No,None
dbo,sp_api_modal_reducer,@table,nvarchar,128,No,No,None
dbo,sp_api_modal_reducer,@identifier,nvarchar,128,No,No,None
dbo,sp_api_modal_reducer,@use_placeholder,nvarchar,128,No,No,None
dbo,sp_api_modal_refresh,@timeout,int,4,No,Yes,None
dbo,sp_api_modal_refresh,@show,bit,1,No,No,0
dbo,sp_api_modal_refresh,@show_text,nvarchar,MAX,No,No,None
dbo,sp_api_modal_refresh,@use_placeholder,nvarchar,128,No,No,None
dbo,sp_api_modal_refresh,@step_millis,int,4,No,No,None
dbo,sp_api_modal_restart,@action_name,nvarchar,128,No,No,None
dbo,sp_api_modal_restart,@values,nvarchar,MAX,No,No,None
dbo,sp_api_modal_restart,@modal_clear,bit,1,No,No,1
dbo,sp_api_modal_restart,@no_raiserror_success,bit,1,No,No,0
dbo,sp_api_modal_restart,@refresh_all,bit,1,No,No,0
dbo,sp_api_modal_route,@name,nvarchar,128,No,No,None
dbo,sp_api_modal_route,@pathname,nvarchar,4000,No,No,None
dbo,sp_api_modal_route,@search,nvarchar,4000,No,No,
dbo,sp_api_modal_route,@class,nvarchar,MAX,No,No,N'btn-success'
dbo,sp_api_modal_route,@key,nvarchar,255,No,No,None
dbo,sp_api_modal_route,@translate,bit,1,No,No,1
dbo,sp_api_modal_route,@group,nvarchar,128,No,No,None
dbo,sp_api_modal_route,@cardname,nvarchar,128,No,No,None
dbo,sp_api_modal_route,@language_context,nvarchar,128,No,No,None
dbo,sp_api_modal_route,@card_id,int,4,No,No,None
dbo,sp_api_modal_run,@action_name,nvarchar,128,No,Yes,None
dbo,sp_api_modal_run,@values,nvarchar,MAX,No,No,None
dbo,sp_api_modal_run,@back,bit,1,No,No,1
dbo,sp_api_modal_save,@card,nvarchar,128,No,Yes,None
dbo,sp_api_modal_save,@id,int,4,No,No,0
dbo,sp_api_modal_save,@keep_storage_values,bit,1,No,No,0
dbo,sp_api_modal_save,@parent_parent,bit,1,No,No,0
dbo,sp_api_modal_scanner,@name,nvarchar,128,No,No,None
dbo,sp_api_modal_scanner,@value,nvarchar,MAX,Yes,No,None
dbo,sp_api_modal_scanner,@use_placeholder,nvarchar,128,No,No,None
dbo,sp_api_modal_scanner,@class,nvarchar,MAX,No,No,None
dbo,sp_api_modal_scanner,@scanDelay,int,4,No,No,None
dbo,sp_api_modal_scanner,@use_camera,bit,1,No,No,1
dbo,sp_api_modal_scanner,@scanner_action_prefix,nvarchar,256,No,No,None
dbo,sp_api_modal_scanner,@barcodes,bit,1,No,No,0
dbo,sp_api_modal_scanner,@direct_post,bit,1,No,No,0
dbo,sp_api_modal_scanner,@video_width,int,4,No,No,None
dbo,sp_api_modal_scanner,@line_height,int,4,No,No,None
dbo,sp_api_modal_scanner,@line_width,int,4,No,No,None
dbo,sp_api_modal_scanner,@sample_rate,int,4,No,No,None
dbo,sp_api_modal_scanner,@min,int,4,No,No,None
dbo,sp_api_modal_scanner,@max,int,4,No,No,None
dbo,sp_api_modal_scanner,@aspect_ratio,float,8,No,No,None
dbo,sp_api_modal_scanner,@regex,nvarchar,1024,No,No,None
dbo,sp_api_modal_scanner,@torch,bit,1,No,No,None
dbo,sp_api_modal_scanner,@initial_codes,nvarchar,MAX,No,No,None
dbo,sp_api_modal_screenshot,@query_selector,nvarchar,MAX,No,No,N'.pickmodal>div'
dbo,sp_api_modal_select,@card_name,nvarchar,128,No,No,None
dbo,sp_api_modal_select,@name,nvarchar,128,No,No,None
dbo,sp_api_modal_select,@value,nvarchar,MAX,Yes,Yes,None
dbo,sp_api_modal_select,@reducer,nvarchar,MAX,No,No,
dbo,sp_api_modal_select,@class,nvarchar,256,No,No,
dbo,sp_api_modal_select,@focus,bit,1,No,No,0
dbo,sp_api_modal_select,@select,bit,1,No,No,0
dbo,sp_api_modal_select,@placeholder,nvarchar,256,No,No,N'Choose...'
dbo,sp_api_modal_select,@top,nvarchar,32,No,No,10000
dbo,sp_api_modal_select,@fieldname,nvarchar,128,No,No,None
dbo,sp_api_modal_select,@card_id,int,4,No,No,None
dbo,sp_api_modal_select,@no_isam,bit,1,No,No,1
dbo,sp_api_modal_select,@ajaxDelay,int,4,No,No,500
dbo,sp_api_modal_select,@modalRoute,nvarchar,2000,No,No,None
dbo,sp_api_modal_select,@modalRouteSql,nvarchar,MAX,No,No,None
dbo,sp_api_modal_select,@initial_id,int,4,No,No,None
dbo,sp_api_modal_select,@searchvalue,nvarchar,MAX,Yes,No,None
dbo,sp_api_modal_select,@use_placeholder,nvarchar,128,No,No,None
dbo,sp_api_modal_select,@show_id,bit,1,No,No,0
dbo,sp_api_modal_select,@orderby,nvarchar,MAX,No,No,None
dbo,sp_api_modal_select,@max_shown,int,4,No,No,15
dbo,sp_api_modal_select,@no_client_cache,bit,1,No,No,0
dbo,sp_api_modal_select,@seed,nvarchar,4000,No,No,None
dbo,sp_api_modal_select_curly,@name,nvarchar,128,No,No,None
dbo,sp_api_modal_select_curly,@value,nvarchar,2000,Yes,Yes,None
dbo,sp_api_modal_select_curly,@class,nvarchar,256,No,No,m-1 mb-2
dbo,sp_api_modal_select_curly,@focus,bit,1,No,No,1
dbo,sp_api_modal_select_curly,@select,bit,1,No,No,0
dbo,sp_api_modal_select_curly,@placeholder,nvarchar,256,No,No,N'Choose...'
dbo,sp_api_modal_select_curly,@top,nvarchar,32,No,No,10
dbo,sp_api_modal_select_ids,@ids,nvarchar,MAX,No,Yes,None
dbo,sp_api_modal_select_table,@tmptable,nvarchar,128,No,No,#modaltable
dbo,sp_api_modal_select_table,@name,nvarchar,128,No,No,None
dbo,sp_api_modal_select_table,@value,nvarchar,2000,Yes,Yes,None
dbo,sp_api_modal_select_table,@class,nvarchar,256,No,No,None
dbo,sp_api_modal_select_table,@focus,bit,1,No,No,0
dbo,sp_api_modal_select_table,@select,bit,1,No,No,0
dbo,sp_api_modal_select_table,@placeholder,nvarchar,256,No,No,N'Choose...'
dbo,sp_api_modal_select_table,@top,nvarchar,32,No,No,10000
dbo,sp_api_modal_select_table,@orderby,nvarchar,MAX,No,No,None
dbo,sp_api_modal_select_table,@no_isam,bit,1,No,No,0
dbo,sp_api_modal_select_table,@initial_id,nvarchar,2000,No,No,None
dbo,sp_api_modal_select_table,@searchvalue,nvarchar,MAX,Yes,No,None
dbo,sp_api_modal_select_table,@use_placeholder,nvarchar,128,No,No,None
dbo,sp_api_modal_select_table,@seed,nvarchar,4000,No,No,None
dbo,sp_api_modal_select_table,@max_shown,int,4,No,No,15
dbo,sp_api_modal_select_table,@no_client_cache,bit,1,No,No,0
dbo,sp_api_modal_set,@key,nvarchar,256,No,Yes,None
dbo,sp_api_modal_set,@value,nvarchar,MAX,No,No,None
dbo,sp_api_modal_signature,@name,nvarchar,128,No,No,None
dbo,sp_api_modal_signature,@use_placeholder,nvarchar,128,No,No,None
dbo,sp_api_modal_signature,@base64data,nvarchar,MAX,Yes,No,None
dbo,sp_api_modal_sure,@alert_text,nvarchar,MAX,No,No,N'Are you sure?'
dbo,sp_api_modal_sure,@sub_text,nvarchar,MAX,No,No,None
dbo,sp_api_modal_sure,@value,bit,1,Yes,Yes,None
dbo,sp_api_modal_sure,@button_true,nvarchar,128,No,No,N'Yes'
dbo,sp_api_modal_sure,@button_false,nvarchar,128,No,No,N'No'
dbo,sp_api_modal_sure,@key_true,nvarchar,128,No,No,None
dbo,sp_api_modal_sure,@key_false,nvarchar,128,No,No,None
dbo,sp_api_modal_sure,@seed,nvarchar,128,No,No,None
dbo,sp_api_modal_switch,@name,nvarchar,128,No,Yes,None
dbo,sp_api_modal_switch,@value,nvarchar,MAX,Yes,No,None
dbo,sp_api_modal_switch,@label,nvarchar,256,No,No,@name
dbo,sp_api_modal_switch,@inline,bit,1,No,No,0
dbo,sp_api_modal_switch,@disabled,bit,1,No,No,0
dbo,sp_api_modal_switch,@seed,nvarchar,4000,No,No,None
dbo,sp_api_modal_switch,@use_placeholder,nvarchar,128,No,No,None
dbo,sp_api_modal_switch,@direct_post,bit,1,No,No,0
dbo,sp_api_modal_switch,@bitvalue,bit,1,Yes,No,None
dbo,sp_api_modal_table,@card_id,int,4,No,No,None
dbo,sp_api_modal_table,@card_name,nvarchar,128,No,No,None
dbo,sp_api_modal_table,@reducer,nvarchar,MAX,No,No,
dbo,sp_api_modal_table,@class,nvarchar,MAX,No,No,h-auto
dbo,sp_api_modal_table,@tmptable,nvarchar,128,No,No,#modaltable
dbo,sp_api_modal_table,@orderby,nvarchar,MAX,No,No,
dbo,sp_api_modal_table,@print,bit,1,No,No,0
dbo,sp_api_modal_table,@printonly,bit,1,No,No,0
dbo,sp_api_modal_table,@fontsize,nvarchar,128,No,No,None
dbo,sp_api_modal_table,@top,int,4,No,No,None
dbo,sp_api_modal_table,@lang,nchar,2,No,No,None
dbo,sp_api_modal_table,@lang_context,nvarchar,255,No,No,None
dbo,sp_api_modal_table,@lang_auto_add,bit,1,No,No,0
dbo,sp_api_modal_table,@excel,bit,1,No,No,0
dbo,sp_api_modal_table,@name,nvarchar,128,No,No,None
dbo,sp_api_modal_table,@value,nvarchar,128,Yes,No,None
dbo,sp_api_modal_table,@set_values,nvarchar,MAX,No,No,None
dbo,sp_api_modal_table,@use_placeholder,nvarchar,128,No,No,None
dbo,sp_api_modal_table,@excel_filename,nvarchar,4000,No,No,None
dbo,sp_api_modal_table,@excel_sheetname,nvarchar,31,No,No,None
dbo,sp_api_modal_table,@hide_when_empty,bit,1,No,No,0
dbo,sp_api_modal_table,@back_invisible,bit,1,No,No,0
dbo,sp_api_modal_table,@query,nvarchar,MAX,No,No,None
dbo,sp_api_modal_table_edit,@tmptable,nvarchar,128,No,No,#edittable
dbo,sp_api_modal_table_edit,@name,nvarchar,128,No,No,None
dbo,sp_api_modal_table_edit,@use_placeholder,nvarchar,128,No,No,None
dbo,sp_api_modal_table_edit,@options,nvarchar,MAX,No,No,{}
dbo,sp_api_modal_table_edit,@allow_insert,bit,1,No,No,0
dbo,sp_api_modal_table_json,@tablename,nvarchar,128,No,Yes,None
dbo,sp_api_modal_table_json,@json,nvarchar,MAX,Yes,No,None
dbo,sp_api_modal_table_json,@ids,nvarchar,MAX,No,No,None
dbo,sp_api_modal_table_json,@identity_column,nvarchar,128,No,No,None
dbo,sp_api_modal_table_mapper,@input_table,nvarchar,128,No,Yes,None
dbo,sp_api_modal_table_mapper,@output_table,nvarchar,128,Yes,Yes,None
dbo,sp_api_modal_table_to_html,@tmptable,nvarchar,128,No,No,#modaltable
dbo,sp_api_modal_table_to_html,@orderby,nvarchar,MAX,No,No,
dbo,sp_api_modal_table_to_html,@html,nvarchar,MAX,Yes,No,None
dbo,sp_api_modal_table_to_html,@group_seperator,nvarchar,32,No,No, - 
dbo,sp_api_modal_table_to_html,@style_table,nvarchar,MAX,No,No,"'font-family: ""Calibri,Helvetica Neue"", Helvetica, Arial, sans-serif;"
dbo,sp_api_modal_table_to_html,@style_th,nvarchar,MAX,No,No,'padding: 0.75rem;
dbo,sp_api_modal_table_to_html,@style_th_totals,nvarchar,MAX,No,No,'padding: 0.75rem;
dbo,sp_api_modal_table_to_html,@style_group,nvarchar,MAX,No,No,'padding: 0.75rem;
dbo,sp_api_modal_table_to_html,@style_tr,nvarchar,MAX,No,No,'display: table-row;
dbo,sp_api_modal_table_to_html,@style_tr_even,nvarchar,MAX,No,No,background-color: #f2f2f2;
dbo,sp_api_modal_table_to_html,@style_td,nvarchar,MAX,No,No,'padding: 0.75rem;
dbo,sp_api_modal_table_to_html,@style_tr_totals,nvarchar,MAX,No,No,'display: table-row;
dbo,sp_api_modal_table_to_html,@style_cellpadding,nvarchar,128,No,No,padding:5px;
dbo,sp_api_modal_table_update,@tmptable,nvarchar,128,No,Yes,None
dbo,sp_api_modal_table_update,@buttonclass,nvarchar,MAX,No,No,N'btn-primary'
dbo,sp_api_modal_table_update,@focusx,int,4,No,No,1
dbo,sp_api_modal_table_update,@focusy,int,4,No,No,1
dbo,sp_api_modal_table_update,@addnew,int,4,No,No,0
dbo,sp_api_modal_table_update,@showheader,bit,1,No,No,1
dbo,sp_api_modal_table_update,@identifier,nvarchar,128,No,No,None
dbo,sp_api_modal_table_update,@sort,nvarchar,128,No,No,
dbo,sp_api_modal_table_update,@reducer,nvarchar,MAX,No,No,
dbo,sp_api_modal_table_update,@orderby,nvarchar,MAX,No,No,None
dbo,sp_api_modal_table_update,@startkey,int,4,No,No,1
dbo,sp_api_modal_table_update,@column_types,nvarchar,MAX,No,No,N'{}'
dbo,sp_api_modal_table_update,@seed,nvarchar,4000,No,No,None
dbo,sp_api_modal_table_update,@column_classes,nvarchar,MAX,No,No,N'{}'
dbo,sp_api_modal_text,@text,nvarchar,MAX,No,Yes,None
dbo,sp_api_modal_text,@class,nvarchar,MAX,No,No,
dbo,sp_api_modal_text,@translate,bit,1,No,No,0
dbo,sp_api_modal_text,@highlight,nvarchar,MAX,No,No,None
dbo,sp_api_modal_text,@inline,bit,1,No,No,0
dbo,sp_api_modal_text,@print,bit,1,No,No,0
dbo,sp_api_modal_text,@printonly,bit,1,No,No,0
dbo,sp_api_modal_text,@markdown,bit,1,No,No,0
dbo,sp_api_modal_text,@use_placeholder,nvarchar,128,No,No,None
dbo,sp_api_modal_text,@language_context,nvarchar,128,No,No,None
dbo,sp_api_modal_text,@pre_wrap,bit,1,No,No,1
dbo,sp_api_modal_to_pdf,@filename,nvarchar,2048,No,No,None
dbo,sp_api_modal_to_pdf,@context,nvarchar,128,No,No,None
dbo,sp_api_modal_to_pdf,@context_id,int,4,No,No,None
dbo,sp_api_modal_to_pdf,@category,nvarchar,128,No,No,None
dbo,sp_api_modal_to_pdf,@api_files_id,int,4,Yes,No,None
dbo,sp_api_modal_to_pdf,@button_text,nvarchar,128,No,No,N'Save as PDF'
dbo,sp_api_modal_to_pdf,@button_class,nvarchar,128,No,No,N'btn-secondary'
dbo,sp_api_modal_to_pdf,@button_key,nvarchar,128,No,No,N'Ctrl+S'
dbo,sp_api_modal_url,@url,nvarchar,4000,No,Yes,None
dbo,sp_api_modal_url,@is_download,bit,1,No,No,0
dbo,sp_api_modal_value,@name,nvarchar,255,No,Yes,None
dbo,sp_api_modal_value,@value,nvarchar,MAX,No,No,None
dbo,sp_api_modal_values_clear,@ignore,nvarchar,MAX,No,No,None
dbo,sp_api_modal_values_clear,@reset_values,nvarchar,MAX,No,No,None
dbo,sp_api_modal_workflow,@ids,nvarchar,MAX,No,Yes,None
dbo,sp_api_modal_workflow,@identity_column,nvarchar,1024,No,Yes,None
dbo,sp_api_modal_workflow,@tablename,nvarchar,128,No,Yes,None
dbo,sp_api_modal_workflow,@basetable,nvarchar,128,No,Yes,None
dbo,sp_api_modalchart_sql,@data,nvarchar,MAX,Yes,No,None
dbo,sp_api_modalview_add,@json,nvarchar,MAX,No,Yes,None
dbo,sp_api_modalview_add,@use_placeholder,nvarchar,128,No,No,None
dbo,sp_api_moodal_table_update_old_220408,@tmptable,nvarchar,128,No,Yes,None
dbo,sp_api_moodal_table_update_old_220408,@buttonclass,nvarchar,MAX,No,No,N'btn-primary'
dbo,sp_api_moodal_table_update_old_220408,@focusx,int,4,No,No,1
dbo,sp_api_moodal_table_update_old_220408,@focusy,int,4,No,No,1
dbo,sp_api_moodal_table_update_old_220408,@addnew,int,4,No,No,0
dbo,sp_api_moodal_table_update_old_220408,@showheader,bit,1,No,No,1
dbo,sp_api_moodal_table_update_old_220408,@identifier,nvarchar,128,No,No,None
dbo,sp_api_moodal_table_update_old_220408,@sort,nvarchar,128,No,No,
dbo,sp_api_moodal_table_update_old_220408,@reducer,nvarchar,MAX,No,No,
dbo,sp_api_moodal_table_update_test,@tmptable,nvarchar,128,No,Yes,None
dbo,sp_api_moodal_table_update_test,@buttonclass,nvarchar,MAX,No,No,N'btn-primary'
dbo,sp_api_moodal_table_update_test,@focusx,int,4,No,No,1
dbo,sp_api_moodal_table_update_test,@focusy,int,4,No,No,1
dbo,sp_api_moodal_table_update_test,@addnew,int,4,No,No,0
dbo,sp_api_moodal_table_update_test,@showheader,bit,1,No,No,1
dbo,sp_api_moodal_table_update_test,@identifier,nvarchar,128,No,No,None
dbo,sp_api_moodal_table_update_test,@sort,nvarchar,128,No,No,
dbo,sp_api_moodal_table_update_test,@reducer,nvarchar,MAX,No,No,
dbo,sp_api_oauth,@url,nvarchar,4000,No,Yes,None
dbo,sp_api_oauth,@client_id,nvarchar,4000,No,Yes,None
dbo,sp_api_oauth,@response_type,nvarchar,128,No,No,code
dbo,sp_api_oauth,@redirect_uri,nvarchar,4000,No,No,None
dbo,sp_api_oauth,@access_type,nvarchar,128,No,No,offline
dbo,sp_api_oauth,@scope,nvarchar,4000,No,No,None
dbo,sp_api_openid_connect_token,@url,nvarchar,4000,No,Yes,None
dbo,sp_api_openid_connect_token,@client_id,nvarchar,4000,No,Yes,None
dbo,sp_api_openid_connect_token,@client_secret,nvarchar,4000,No,Yes,None
dbo,sp_api_openid_connect_token,@access_token,nvarchar,MAX,Yes,No,None
dbo,sp_api_openid_connect_token,@json,nvarchar,MAX,Yes,No,None
dbo,sp_api_openid_connect_token,@grant_type,nvarchar,128,No,No,client_credentials
dbo,sp_api_openid_connect_token,@username,nvarchar,128,No,No,None
dbo,sp_api_openid_connect_token,@password,nvarchar,128,No,No,None
dbo,sp_api_openid_connect_token,@scope,nvarchar,MAX,No,No,None
dbo,sp_api_pdf2json,@filename,nvarchar,4000,No,No,None
dbo,sp_api_pdf2json,@text,nvarchar,MAX,Yes,No,None
dbo,sp_api_pdf2json,@json,nvarchar,MAX,Yes,No,None
dbo,sp_api_pdf2json,@tmptable,nvarchar,128,No,No,None
dbo,sp_api_pdf2json,@dataout,nvarchar,MAX,Yes,No,None
dbo,sp_api_pdf2json,@api_files_id,int,4,No,No,None
dbo,sp_api_performance_test,@count,int,4,No,No,20000
dbo,sp_api_places_by_id,@place_id,nvarchar,4000,No,Yes,None
dbo,sp_api_places_by_id,@json,nvarchar,MAX,Yes,Yes,None
dbo,sp_api_places_search,@search,nvarchar,1024,No,Yes,None
dbo,sp_api_places_search,@json,nvarchar,MAX,Yes,Yes,None
dbo,sp_api_places_search_apis_post,@body,nvarchar,MAX,No,Yes,None
dbo,sp_api_places_search_clean_string,@search,nvarchar,1024,Yes,Yes,None
dbo,sp_api_populate_card,@card_id,int,4,No,Yes,None
dbo,sp_api_populate_card,@toast,bit,1,No,No,1
dbo,sp_api_populate_card_views,@card_id,int,4,No,No,None
dbo,sp_api_populate_card_views,@tablename,nvarchar,128,No,No,None
dbo,sp_api_populate_lang,@lang,nchar,2,No,No,None
dbo,sp_api_push_bullet,@channel_tag,nvarchar,128,No,Yes,None
dbo,sp_api_push_bullet,@title,nvarchar,128,No,Yes,None
dbo,sp_api_push_bullet,@body,nvarchar,4000,No,No,None
dbo,sp_api_push_bullet,@token,nvarchar,1000,No,No,N'o.RIxgCEDTI5eXdTOZHwYSb8M4FX2J9YQt'
dbo,sp_api_push_bullet,@status,int,4,Yes,No,None
dbo,sp_api_push_bullet,@response,nvarchar,MAX,Yes,No,None
dbo,sp_api_push_bullet,@type,nvarchar,50,No,No,N'note'
dbo,sp_api_push_bullet,@url,nvarchar,4000,No,No,None
dbo,sp_api_query_to_html,@query,nvarchar,MAX,No,Yes,None
dbo,sp_api_query_to_html,@orderBy,nvarchar,MAX,No,No,None
dbo,sp_api_query_to_html,@html,nvarchar,MAX,Yes,No,None
dbo,sp_api_query_to_html,@style,nvarchar,MAX,No,No,border: 1px solid #ccc
dbo,sp_api_query_to_html,@htmlfooter,nvarchar,MAX,Yes,No,None
dbo,sp_api_query_to_html,@stylefooter,nvarchar,MAX,No,No,font-weight: bold;
dbo,sp_api_readFile,@filename,nvarchar,2048,No,Yes,None
dbo,sp_api_readFile,@base64data,nvarchar,MAX,Yes,Yes,None
dbo,sp_api_referer_update,@card_name,nvarchar,128,No,No,None
dbo,sp_api_referer_update,@id,int,4,No,No,None
dbo,sp_api_referer_update,@search,nvarchar,4000,No,No,None
dbo,sp_api_referer_update,@insert,bit,1,No,No,1
dbo,sp_api_regex_build_sql,@api_regex_id,int,4,No,Yes,None
dbo,sp_api_regex_build_sql,@sql,nvarchar,MAX,Yes,No,None
dbo,sp_api_regex_build_tvf,@api_regex_id,int,4,No,Yes,None
dbo,sp_api_regex_build_tvf,@sql,nvarchar,MAX,Yes,No,None
dbo,sp_api_report,@report_id,int,4,No,No,None
dbo,sp_api_report,@record_id,int,4,No,Yes,None
dbo,sp_api_report,@base64data,nvarchar,MAX,Yes,No,None
dbo,sp_api_report,@to_preview,bit,1,No,No,0
dbo,sp_api_report,@fixed_printer_name,nvarchar,128,No,No,None
dbo,sp_api_report,@description,nvarchar,MAX,No,No,N'run report'
dbo,sp_api_report,@test,bit,1,No,No,0
dbo,sp_api_report,@fixed_email_address,nvarchar,MAX,No,No,None
dbo,sp_api_report,@printer_copies,int,4,No,No,1
dbo,sp_api_report,@report_name,nvarchar,128,No,No,None
dbo,sp_api_report,@printer_id,int,4,No,No,None
dbo,sp_api_report,@to_download,bit,1,No,No,0
dbo,sp_api_report,@store_preview,bit,1,No,No,0
dbo,sp_api_report,@replace,bit,1,No,No,0
dbo,sp_api_report,@fixed_email_subject,nvarchar,MAX,No,No,None
dbo,sp_api_report,@fixed_email_body,nvarchar,MAX,No,No,None
dbo,sp_api_report,@fixed_email_html,nvarchar,MAX,No,No,None
dbo,sp_api_report,@json_preview,bit,1,No,No,0
dbo,sp_api_report,@store_only,bit,1,No,No,0
dbo,sp_api_report,@context,nvarchar,128,No,No,None
dbo,sp_api_report,@context_id,int,4,No,No,None
dbo,sp_api_report,@show_actions,bit,1,No,No,0
dbo,sp_api_report,@email_to_user_instead,bit,1,No,No,1
dbo,sp_api_report_download,@context,nvarchar,128,No,No,None
dbo,sp_api_report_download,@context_id,nvarchar,32,No,Yes,None
dbo,sp_api_report_download,@ReportName,nvarchar,128,No,No,None
dbo,sp_api_report_download_base64,@context,nvarchar,128,No,Yes,None
dbo,sp_api_report_download_base64,@context_id,nvarchar,32,No,Yes,None
dbo,sp_api_report_download_base64,@base64,nvarchar,MAX,Yes,No,None
dbo,sp_api_report_download_base64,@filename,nvarchar,4000,Yes,No,None
dbo,sp_api_report_download_base64,@retries,int,4,No,No,0
dbo,sp_api_report_download_base64,@to_file_context,nvarchar,128,No,No,None
dbo,sp_api_report_download_base64,@to_file_context_id,int,4,No,No,None
dbo,sp_api_report_download_base64,@description,nvarchar,MAX,No,No,None
dbo,sp_api_report_download_base64_devexpress,@RequestKey,nvarchar,128,No,Yes,None
dbo,sp_api_report_download_base64_devexpress,@base64data,nvarchar,MAX,Yes,No,None
dbo,sp_api_report_download_to_file,@json,nvarchar,MAX,No,Yes,None
dbo,sp_api_report_download_to_file,@to_file_context,nvarchar,128,No,No,None
dbo,sp_api_report_download_to_file,@to_file_context_id,int,4,No,No,None
dbo,sp_api_report_download_to_file,@url,nvarchar,4000,Yes,No,None
dbo,sp_api_report_download_to_file,@filename,nvarchar,4000,Yes,No,None
dbo,sp_api_report_download_to_file,@to_preview,bit,1,No,No,0
dbo,sp_api_report_generate,@id,int,4,No,Yes,None
dbo,sp_api_report_generate,@sys_report_key,nvarchar,200,No,Yes,None
dbo,sp_api_report_generate,@toCompany_ID,int,4,No,No,None
dbo,sp_api_report_generate,@fromCompany_ID,int,4,No,No,None
dbo,sp_api_report_generate,@DestinationLoc_ID,int,4,No,No,None
dbo,sp_api_report_generate,@fixedRepRouting_ID,int,4,No,No,None
dbo,sp_api_report_generate,@test,bit,1,No,No,1
dbo,sp_api_report_generate,@fixedEmail,nvarchar,512,No,No,None
dbo,sp_api_report_generate,@fixedFrom,nvarchar,512,No,No,None
dbo,sp_api_report_generate,@check_translations,bit,1,No,No,0
dbo,sp_api_report_generate,@FixedRepAction_ID,int,4,No,No,None
dbo,sp_api_report_generate,@FixedPrinter_ID,int,4,No,No,None
dbo,sp_api_report_generate,@PrinterCopies,int,4,No,No,None
dbo,sp_api_report_generate,@downloadOnly,bit,1,No,No,None
dbo,sp_api_report_generate,@Meta1,nvarchar,200,No,No,
dbo,sp_api_report_generate,@Meta2,nvarchar,200,No,No,
dbo,sp_api_report_generate,@taskname,nvarchar,256,No,No,None
dbo,sp_api_report_generate,@priority,int,4,No,No,None
dbo,sp_api_report_generate,@dontTask,bit,1,No,No,0
dbo,sp_api_report_generate,@to_preview,bit,1,No,No,0
dbo,sp_api_report_generate,@replace,bit,1,No,No,0
dbo,sp_api_report_generate,@to_file_context,nvarchar,128,No,No,None
dbo,sp_api_report_generate,@to_file_context_id,int,4,No,No,None
dbo,sp_api_report_generate,@to_file_context_and_continue,bit,1,No,No,0
dbo,sp_api_report_generate,@url,nvarchar,4000,Yes,No,None
dbo,sp_api_report_generate,@email_to_user_instead,bit,1,No,No,1
dbo,sp_api_report_generate_replace_null,@sql,nvarchar,MAX,Yes,Yes,None
dbo,sp_api_report_generate_replace_null,@id,nvarchar,12,No,No,0
dbo,sp_api_report_generate_routing,@ids,nvarchar,MAX,No,Yes,None
dbo,sp_api_report_generate_routing,@sys_report_key,nvarchar,128,No,Yes,None
dbo,sp_api_report_generate_routing,@json,nvarchar,MAX,Yes,Yes,None
dbo,sp_api_report_generate_task,@id,int,4,No,Yes,None
dbo,sp_api_report_generate_task,@sys_report_key,nvarchar,200,No,Yes,None
dbo,sp_api_report_generate_task,@toCompany_ID,int,4,No,Yes,None
dbo,sp_api_report_generate_task,@fromCompany_ID,int,4,No,No,None
dbo,sp_api_report_generate_task,@DestinationLoc_ID,int,4,No,No,None
dbo,sp_api_report_generate_task,@fixedRepRouting_ID,int,4,No,No,None
dbo,sp_api_report_generate_task,@test,bit,1,No,No,1
dbo,sp_api_report_generate_task,@fixedEmail,nvarchar,512,No,No,None
dbo,sp_api_report_generate_task,@fixedFrom,nvarchar,512,No,No,None
dbo,sp_api_report_generate_task,@check_translations,bit,1,No,No,0
dbo,sp_api_report_generate_task,@FixedRepAction_ID,int,4,No,No,None
dbo,sp_api_report_generate_task,@FixedPrinter_ID,int,4,No,No,None
dbo,sp_api_report_generate_task,@PrinterCopies,int,4,No,No,None
dbo,sp_api_report_generate_task,@downloadOnly,bit,1,No,No,None
dbo,sp_api_report_generate_task,@Meta1,nvarchar,200,No,No,
dbo,sp_api_report_generate_task,@Meta2,nvarchar,200,No,No,
dbo,sp_api_report_generate_task,@taskname,nvarchar,256,No,No,None
dbo,sp_api_report_generate_task,@priority,int,4,No,No,None
dbo,sp_api_report_print,@filename,nvarchar,4000,No,No,None
dbo,sp_api_report_print,@options,nvarchar,MAX,No,No,None
dbo,sp_api_report_print,@data,nvarchar,MAX,Yes,No,None
dbo,sp_api_report_print,@printer_id,int,4,No,No,None
dbo,sp_api_report_print,@operation,nvarchar,128,No,No,N'Print-Job'
dbo,sp_api_report_print,@api_files_id,int,4,No,No,None
dbo,sp_api_report_print,@printer_name,nvarchar,128,No,No,None
dbo,sp_api_report_print,@printer_copies,int,4,No,No,1
dbo,sp_api_report_print,@custom_message,nvarchar,MAX,No,No,None
dbo,sp_api_report_print,@printer_log,bit,1,No,No,1
dbo,sp_api_report_print,@max_retries,int,4,No,No,5
dbo,sp_api_report_print,@retry_id,int,4,No,No,None
dbo,sp_api_report_print_get_printers,@json,nvarchar,MAX,Yes,No,None
dbo,sp_api_report_print_job_cancel,@printer_id,int,4,No,Yes,None
dbo,sp_api_report_print_job_cancel,@job_id,int,4,No,Yes,None
dbo,sp_api_report_print_job_cancel,@json,nvarchar,MAX,Yes,No,None
dbo,sp_api_report_print_job_create,@printer_id,int,4,No,Yes,None
dbo,sp_api_report_print_job_create,@job_id,int,4,Yes,No,None
dbo,sp_api_report_print_job_create,@json,nvarchar,MAX,Yes,No,None
dbo,sp_api_report_print_job_create,@printer_copies,int,4,No,No,None
dbo,sp_api_report_print_job_create,@print_quality,int,4,No,Yes,None
dbo,sp_api_report_send,@body,nvarchar,MAX,No,Yes,None
dbo,sp_api_report_send,@quietmode,bit,1,No,No,0
dbo,sp_api_report_server_download,@RequestKey,nvarchar,256,No,Yes,None
dbo,sp_api_report_server_download,@file,varbinary,MAX,Yes,Yes,None
dbo,sp_api_report_server_key,@TenantKey,nvarchar,128,Yes,No,None
dbo,sp_api_report_server_key,@register,bit,1,No,No,0
dbo,sp_api_report_server_log,@json,nvarchar,MAX,No,No,None
dbo,sp_api_report_validate,@report_id,int,4,No,No,None
dbo,sp_api_report_validate,@ReportSQL,nvarchar,MAX,No,No,None
dbo,sp_api_report_validate,@id,nvarchar,12,No,No,0
dbo,sp_api_restore_from_audit,@id,int,4,No,Yes,None
dbo,sp_api_run_at_tsql_app_slaves,@sql,nvarchar,MAX,No,No,None
dbo,sp_api_run_at_tsql_app_slaves,@push_card,nvarchar,128,No,No,None
dbo,sp_api_run_task,@sql,nvarchar,MAX,No,No,None
dbo,sp_api_run_task,@task_id,int,4,No,No,None
dbo,sp_api_run_task,@timeout_ms,int,4,No,No,None
dbo,sp_api_run_task,@context_user,nvarchar,256,No,No,None
dbo,sp_api_run_task,@wait,int,4,No,No,0
dbo,sp_api_script_get,@script_id,int,4,No,Yes,None
dbo,sp_api_script_get,@script,nvarchar,MAX,Yes,No,None
dbo,sp_api_search,@search,nvarchar,128,No,Yes,None
dbo,sp_api_search,@card_id,int,4,No,No,None
dbo,sp_api_search,@top,int,4,No,No,100
dbo,sp_api_search,@notext,bit,1,No,No,0
dbo,sp_api_send_report,@id,int,4,No,No,749
dbo,sp_api_send_report,@value2,nvarchar,MAX,No,No,N'GEerttertegwert wertesterje'
dbo,sp_api_set_lang,@name,nvarchar,255,No,Yes,None
dbo,sp_api_set_lang,@context,nvarchar,255,No,Yes,None
dbo,sp_api_set_lang,@lang,nchar,2,No,No,None
dbo,sp_api_set_query_parameter,@key,nvarchar,128,No,Yes,None
dbo,sp_api_set_query_parameter,@val,nvarchar,1024,No,No,None
dbo,sp_api_set_user,@name,nvarchar,256,No,Yes,None
dbo,sp_api_set_user,@update,bit,1,No,No,0
dbo,sp_api_setting_get,@key,nvarchar,128,No,Yes,None
dbo,sp_api_setting_get,@value,nvarchar,MAX,Yes,No,None
dbo,sp_api_setting_get,@default,nvarchar,MAX,No,No,None
dbo,sp_api_setting_get,@default_enabled,bit,1,No,No,0
dbo,sp_api_setting_get,@for_client,bit,1,No,No,0
dbo,sp_api_setting_get,@is_required,bit,1,No,No,0
dbo,sp_api_setting_set,@key,nvarchar,128,No,Yes,None
dbo,sp_api_setting_set,@value,nvarchar,MAX,No,Yes,None
dbo,sp_api_sftp_put,@host,varchar,4000,No,Yes,None
dbo,sp_api_sftp_put,@user,nvarchar,4000,No,Yes,None
dbo,sp_api_sftp_put,@password,nvarchar,4000,No,Yes,None
dbo,sp_api_sftp_put,@filepath,nvarchar,4000,No,Yes,None
dbo,sp_api_sftp_put,@data,varbinary,MAX,No,Yes,None
dbo,sp_api_sftp_put,@port,int,4,No,No,22
dbo,sp_api_sftp_put,@dataout,nvarchar,MAX,Yes,No,None
dbo,sp_api_soap_vies,@vatNumber,nvarchar,20,No,Yes,None
dbo,sp_api_soap_vies,@result,nvarchar,MAX,Yes,Yes,None
dbo,sp_api_sql2pdf,@filename,varchar,100,No,Yes,None
dbo,sp_api_start,@context,api_main_context_table,MAX,No,Yes,
dbo,sp_api_start_next_year,@context,api_main_context_table,MAX,No,Yes,
dbo,sp_api_start_prev_year,@context,api_main_context_table,MAX,No,Yes,
dbo,sp_api_statusbar,@value,nvarchar,MAX,No,Yes,None
dbo,sp_api_statusbar,@class,nvarchar,MAX,No,No,
dbo,sp_api_statusbar,@position,int,4,No,No,0
dbo,sp_api_storage,@tablename,nvarchar,128,No,Yes,None
dbo,sp_api_storage,@identity_column,nvarchar,128,No,Yes,None
dbo,sp_api_storage,@card_id,int,4,No,Yes,None
dbo,sp_api_storage,@id,int,4,No,Yes,None
dbo,sp_api_storage,@delete,bit,1,No,No,0
dbo,sp_api_storage,@parent_id,int,4,No,No,None
dbo,sp_api_storage,@parent_card_id,int,4,No,No,None
dbo,sp_api_storage,@save_confirmed,bit,1,Yes,No,None
dbo,sp_api_tls_info,@domain,nvarchar,4000,No,Yes,None
dbo,sp_api_tls_info,@json,nvarchar,MAX,Yes,No,None
dbo,sp_api_tls_info,@port,int,4,No,No,443
dbo,sp_api_toast,@text,nvarchar,MAX,No,No,None
dbo,sp_api_toast,@class,nvarchar,MAX,No,No,
dbo,sp_api_toast,@translate,bit,1,No,No,0
dbo,sp_api_toast,@seconds,int,4,No,No,None
dbo,sp_api_toast,@s1,nvarchar,MAX,No,No,None
dbo,sp_api_toast,@s2,nvarchar,MAX,No,No,None
dbo,sp_api_toast,@s3,nvarchar,MAX,No,No,None
dbo,sp_api_toast,@audio_url,nvarchar,4000,No,No,None
dbo,sp_api_toast,@vibrate,int,4,No,No,None
dbo,sp_api_toast,@speech,nvarchar,MAX,No,No,None
dbo,sp_api_toast,@speech_lang,nvarchar,128,No,No,None
dbo,sp_api_toast_timer,@procid,int,4,No,Yes,None
dbo,sp_api_toast_timer,@value,nvarchar,MAX,No,No,None
dbo,sp_api_translate,@text,nvarchar,MAX,No,Yes,None
dbo,sp_api_translate,@from_lang,nvarchar,128,No,Yes,None
dbo,sp_api_translate,@to_lang,nvarchar,128,No,Yes,None
dbo,sp_api_translate,@json,nvarchar,MAX,Yes,Yes,None
dbo,sp_api_translate_bulk,@from_lang,nvarchar,128,No,Yes,None
dbo,sp_api_translate_bulk,@to_lang,nvarchar,128,No,Yes,None
dbo,sp_api_translate_bulk,@json,nvarchar,MAX,Yes,Yes,None
dbo,sp_api_translate_languages,@json,nvarchar,MAX,Yes,Yes,None
dbo,sp_api_update_from_kernel,@backup_tables,bit,1,No,No,0
dbo,sp_api_update_system_data,@trigger_object_id,int,4,No,Yes,None
dbo,sp_api_update_system_data,@json,nvarchar,MAX,No,No,None
dbo,sp_api_validate_reducer,@tablename,nvarchar,128,No,Yes,None
dbo,sp_api_validate_reducer,@reducer,nvarchar,MAX,No,Yes,None
dbo,sp_api_version_os,@version,nvarchar,MAX,Yes,No,None
dbo,sp_api_whatsapp,@to,nvarchar,32,No,Yes,None
dbo,sp_api_whatsapp,@text,nvarchar,4000,No,No,None
dbo,sp_api_whatsapp,@template,nvarchar,128,No,No,None
dbo,sp_api_whatsapp,@type,nvarchar,128,No,No,None
dbo,sp_api_writeFile,@filename,nvarchar,2048,No,Yes,None
dbo,sp_api_writeFile,@base64data,nvarchar,MAX,No,Yes,None
